"Deck","Front","Back","Japanese","Hiragana","English","Example_JP","Example_Hiragana","Example_EN","Example2_JP","Example2_Hiragana","Example2_EN","Example3_JP","Example3_Hiragana","Example3_EN","Tags","Notes"
"01_core_ml_concepts","機械学習（きかいがくしゅう）","machine learning<br><b>Example</b>: 機械学習モデルを作る。 / きかいがくしゅうもでるをつくる。 / Build an ML model.","機械学習","きかいがくしゅう","machine learning","機械学習をつかってよそくします。","きかいがくしゅうをつかってよそくします。","We'll use machine learning to make predictions.","このたすくは機械学習でときます。","このたすくはきかいがくしゅうでときます。","We'll solve this task with machine learning.","機械学習のもでるをつくります。","きかいがくしゅうのもでるをつくります。","We'll build a machine-learning model.","01_core_ml_concepts",""
"01_core_ml_concepts","モデル（もでる）","model<br><b>Example</b>: モデルを更新する。 / もでるをこうしんする。 / Update the model.","モデル","もでる","model","このモデルでてすとします。","このもでるでてすとします。","We'll test with this model.","このモデルをがくしゅうします。","このもでるをがくしゅうします。","We'll train this model.","モデルをこうかんしてくらべます。","もでるをこうかんしてくらべます。","We'll swap the model and compare.","01_core_ml_concepts",""
"01_core_ml_concepts","学習（がくしゅう）","training/learning<br><b>Example</b>: データで学習する。 / でーたでがくしゅうする。 / Train on data.","学習","がくしゅう","training/learning","でーたで学習します。","でーたでがくしゅうします。","We'll train on the data.","まず学習をはじめます。","まずがくしゅうをはじめます。","We'll start training first.","学習がおわったらひょうかします。","がくしゅうがおわったらひょうかします。","After training we'll evaluate.","01_core_ml_concepts",""
"01_core_ml_concepts","推論（すいろん）","inference<br><b>Example</b>: 推論はAPIで提供する。 / すいろんはえーぴーあいでていきょうする。 / Serve inference via an API.","推論","すいろん","inference","ほんばんでは推論をうごかします。","ほんばんではすいろんをうごかします。","In production, we run inference.","ほんばんでは推論だけをうごかします。","ほんばんではすいろんだけをうごかします。","In production we'll run inference only.","推論のじかんをけいそくします。","すいろんのじかんをけいそくします。","We'll measure inference latency.","01_core_ml_concepts",""
"01_core_ml_concepts","予測（よそく）","prediction<br><b>Example</b>: 次の値を予測する。 / つぎのあたいをよそくする。 / Predict the next value.","予測","よそく","prediction","このもでるで予測します。","このもでるでよそくします。","We'll make a prediction with this model.","あしたのすうちを予測します。","あしたのすうちをよそくします。","We'll predict tomorrow's value.","この予測ははずれました。","このよそくははずれました。","This prediction was wrong.","01_core_ml_concepts",""
"01_core_ml_concepts","特徴量（とくちょうりょう）","feature<br><b>Example</b>: 特徴量を追加する。 / とくちょうりょうをついかする。 / Add a feature.","特徴量","とくちょうりょう","feature","特徴量をえらびます。","とくちょうりょうをえらびます。","We'll select features.","特徴量をついかします。","とくちょうりょうをついかします。","We'll add a feature.","ふような特徴量はけずります。","ふようなとくちょうりょうはけずります。","We'll drop unnecessary features.","01_core_ml_concepts",""
"01_core_ml_concepts","ラベル（らべる）","label<br><b>Example</b>: ラベルの品質を確認する。 / らべるのひんしつをかくにんする。 / Check label quality.","ラベル","らべる","label","でーたにラベルをつけます。","でーたにらべるをつけます。","We'll label the data.","ラベルをみなおします。","らべるをみなおします。","We'll review the labels.","ラベルのまちがいをなおします。","らべるのまちがいをなおします。","We'll fix label mistakes.","01_core_ml_concepts",""
"01_core_ml_concepts","教師あり学習（きょうしありがくしゅう）","supervised learning<br><b>Example</b>: 教師あり学習で分類する。 / きょうしありがくしゅうでぶんるいする。 / Classify with supervised learning.","教師あり学習","きょうしありがくしゅう","supervised learning","教師あり学習でぶんるいします。","きょうしありがくしゅうでぶんるいします。","We'll do classification with supervised learning.","このでーたは教師あり学習であつかえます。","このでーたはきょうしありがくしゅうであつかえます。","We can handle this data with supervised learning.","教師あり学習にはらべるがひつようです。","きょうしありがくしゅうにはらべるがひつようです。","Supervised learning needs labels.","01_core_ml_concepts",""
"01_core_ml_concepts","教師なし学習（きょうしなしがくしゅう）","unsupervised learning<br><b>Example</b>: 教師なし学習でクラスタリングする。 / きょうしなしがくしゅうでくらすたりんぐする。 / Cluster with unsupervised learning.","教師なし学習","きょうしなしがくしゅう","unsupervised learning","教師なし学習でぱたーんをさがします。","きょうしなしがくしゅうでぱたーんをさがします。","We'll look for patterns with unsupervised learning.","教師なし学習でくらすたをつくります。","きょうしなしがくしゅうでくらすたをつくります。","We'll create clusters with unsupervised learning.","教師なし学習でぱたーんをさがします。","きょうしなしがくしゅうでぱたーんをさがします。","We'll look for patterns with unsupervised learning.","01_core_ml_concepts",""
"01_core_ml_concepts","強化学習（きょうかがくしゅう）","reinforcement learning<br><b>Example</b>: 強化学習で方策を改善する。 / きょうかがくしゅうでほうさくをかいぜんする。 / Improve a policy with RL.","強化学習","きょうかがくしゅう","reinforcement learning","強化学習でえーじぇんとをがくしゅうさせます。","きょうかがくしゅうでえーじぇんとをがくしゅうさせます。","We'll train an agent with reinforcement learning.","しみゅれーたで強化学習をためします。","しみゅれーたできょうかがくしゅうをためします。","We'll try reinforcement learning in a simulator.","かんたんなかんきょうで強化学習をはじめます。","かんたんなかんきょうできょうかがくしゅうをはじめます。","We'll start reinforcement learning in a simple environment.","01_core_ml_concepts",""
"01_core_ml_concepts","分類（ぶんるい）","classification<br><b>Example</b>: 画像を分類する。 / がぞうをぶんるいする。 / Classify images.","分類","ぶんるい","classification","このでーたを分類します。","このでーたをぶんるいします。","We'll classify this data.","にゅーすを分類します。","にゅーすをぶんるいします。","We'll classify news articles.","ふたつのらべるに分類します。","ふたつのらべるにぶんるいします。","We'll classify into two labels.","01_core_ml_concepts",""
"01_core_ml_concepts","回帰（かいき）","regression<br><b>Example</b>: 価格を回帰で推定する。 / かかくをかいきですいていする。 / Estimate price via regression.","回帰","かいき","regression","すうちを回帰でよそくします。","すうちをかいきでよそくします。","We'll predict a number with regression.","すうちを回帰でよそくします。","すうちをかいきでよそくします。","We'll predict a number with regression.","回帰もでるをひょうかします。","かいきもでるをひょうかします。","We'll evaluate the regression model.","01_core_ml_concepts",""
"01_core_ml_concepts","クラスタリング（くらすたりんぐ）","clustering<br><b>Example</b>: ユーザーをクラスタリングする。 / ゆーざーをくらすたりんぐする。 / Cluster users.","クラスタリング","くらすたりんぐ","clustering","ゆーざーをクラスタリングします。","ゆーざーをくらすたりんぐします。","We'll cluster users.","ゆーざーをクラスタリングします。","ゆーざーをくらすたりんぐします。","We'll cluster users.","クラスタリングのけっかをかくにんします。","くらすたりんぐのけっかをかくにんします。","We'll review the clustering results.","01_core_ml_concepts",""
"01_core_ml_concepts","評価（ひょうか）","evaluation<br><b>Example</b>: 評価指標をそろえる。 / ひょうかしひょうをそろえる。 / Align evaluation metrics.","評価","ひょうか","evaluation","てすとでーたで評価します。","てすとでーたでひょうかします。","We'll evaluate on test data.","てすとでーたで評価します。","てすとでーたでひょうかします。","We'll evaluate on test data.","評価のけっかをれぽーとにまとめます。","ひょうかのけっかをれぽーとにまとめます。","We'll summarize the evaluation results.","01_core_ml_concepts",""
"01_core_ml_concepts","精度（せいど）","accuracy (general)<br><b>Example</b>: 精度が改善した。 / せいどがかいぜんした。 / Accuracy improved.","精度","せいど","accuracy (general)","精度をはかります。","せいどをはかります。","We'll measure accuracy.","精度がさがったりゆうをしらべます。","せいどがさがったりゆうをしらべます。","We'll investigate why accuracy dropped.","精度だけでなくさいげんりつもみます。","せいどだけでなくさいげんりつもみます。","We'll check recall too not only accuracy.","01_core_ml_concepts",""
"01_core_ml_concepts","損失関数（そんしつかんすう）","loss function<br><b>Example</b>: 損失関数を最小化する。 / そんしつかんすうをさいしょうかする。 / Minimize the loss function.","損失関数","そんしつかんすう","loss function","損失関数をかえます。","そんしつかんすうをかえます。","We'll change the loss function.","損失関数をへんこうします。","そんしつかんすうをへんこうします。","We'll change the loss function.","損失関数がさがっているかみます。","そんしつかんすうがさがっているかみます。","We'll check the loss is going down.","01_core_ml_concepts",""
"01_core_ml_concepts","最適化（さいてきか）","optimization<br><b>Example</b>: 最適化手法を変える。 / さいてきかしゅほうをかえる。 / Change the optimizer.","最適化","さいてきか","optimization","最適化でぱらめーたをこうしんします。","さいてきかでぱらめーたをこうしんします。","Optimization updates the parameters.","最適化でぱらめーたをこうしんします。","さいてきかでぱらめーたをこうしんします。","Optimization updates the parameters.","最適化のほうほうをかえます。","さいてきかのほうほうをかえます。","We'll change the optimization method.","01_core_ml_concepts",""
"01_core_ml_concepts","ハイパーパラメータ（はいぱーぱらめーた）","hyperparameter<br><b>Example</b>: ハイパーパラメータを調整する。 / はいぱーぱらめーたをちょうせいする。 / Tune hyperparameters.","ハイパーパラメータ","はいぱーぱらめーた","hyperparameter","ハイパーパラメータをちょうせいします。","はいぱーぱらめーたをちょうせいします。","We'll tune hyperparameters.","ハイパーパラメータをちょうせいします。","はいぱーぱらめーたをちょうせいします。","We'll tune hyperparameters.","ハイパーパラメータをきろくします。","はいぱーぱらめーたをきろくします。","We'll record the hyperparameters.","01_core_ml_concepts",""
"01_core_ml_concepts","学習率（がくしゅうりつ）","learning rate<br><b>Example</b>: 学習率を下げる。 / がくしゅうりつをさげる。 / Lower the learning rate.","学習率","がくしゅうりつ","learning rate","学習率をちょうせいします。","がくしゅうりつをちょうせいします。","We'll tune the learning rate.","学習率をさげます。","がくしゅうりつをさげます。","We'll lower the learning rate.","学習率をだんだんさげます。","がくしゅうりつをだんだんさげます。","We'll decay the learning rate gradually.","01_core_ml_concepts",""
"01_core_ml_concepts","収束（しゅうそく）","convergence<br><b>Example</b>: 学習が収束しない。 / がくしゅうがしゅうそくしない。 / Training won’t converge.","収束","しゅうそく","convergence","がくしゅうが収束しません。","がくしゅうがしゅうそくしません。","Training isn't converging.","このもでるはまだ収束していません。","このもでるはまだしゅうそくしていません。","The model hasn't converged yet.","収束をはやめるためにがくしゅうりつをみなおします。","しゅうそくをはやめるためにがくしゅうりつをみなおします。","We'll revisit the learning rate to speed up convergence.","01_core_ml_concepts",""
"02_deep_learning_nn","深層学習（しんそうがくしゅう）","deep learning<br><b>Example</b>: 深層学習で性能を上げる。 / しんそうがくしゅうでせいのうをあげる。 / Improve performance with DL.","深層学習","しんそうがくしゅう","deep learning","深層学習でもでるをつくります。","しんそうがくしゅうでもでるをつくります。","We'll build a deep learning model.","深層学習でがぞうをあつかいます。","しんそうがくしゅうでがぞうをあつかいます。","We use deep learning for images.","深層学習のもでるをさいしゅうてきにひょうかします。","しんそうがくしゅうのもでるをさいしゅうてきにひょうかします。","We'll evaluate the deep learning model at the end.","02_deep_learning_nn",""
"02_deep_learning_nn","ニューラルネットワーク（にゅーらるねっとわーく）","neural network<br><b>Example</b>: ニューラルネットワークを学習する。 / にゅーらるねっとわーくをがくしゅうする。 / Train a neural network.","ニューラルネットワーク","にゅーらるねっとわーく","neural network","ニューラルネットワークをがくしゅうさせます。","にゅーらるねっとわーくをがくしゅうさせます。","We'll train a neural network.","ニューラルネットワークをくみます。","にゅーらるねっとわーくをくみます。","We'll build a neural network.","ニューラルネットワークのそうをふやします。","にゅーらるねっとわーくのそうをふやします。","We'll add more layers to the network.","02_deep_learning_nn",""
"02_deep_learning_nn","層（そう）","layer<br><b>Example</b>: 層を増やす。 / そうをふやす。 / Add more layers.","層","そう","layer","層をふやします。","そうをふやします。","We'll add more layers.","層をひとつついかします。","そうをひとつついかします。","We'll add one layer.","層のかずをかえてためします。","そうのかずをかえてためします。","We'll try changing the number of layers.","02_deep_learning_nn",""
"02_deep_learning_nn","パラメータ（ぱらめーた）","parameter<br><b>Example</b>: パラメータ数が多い。 / ぱらめーたすうがおおい。 / There are many parameters.","パラメータ","ぱらめーた","parameter","パラメータをほぞんします。","ぱらめーたをほぞんします。","We'll save the parameters.","パラメータをこうしんします。","ぱらめーたをこうしんします。","We'll update the parameters.","パラメータをほぞんしてさいげんします。","ぱらめーたをほぞんしてさいげんします。","We'll save parameters to reproduce.","02_deep_learning_nn",""
"02_deep_learning_nn","重み（おもみ）","weights<br><b>Example</b>: 重みを初期化する。 / おもみをしょきかする。 / Initialize weights.","重み","おもみ","weights","重みをしょきかします。","おもみをしょきかします。","We'll initialize the weights.","重みがかわりすぎています。","おもみがかわりすぎています。","The weights are changing too much.","重みをしょきかします。","おもみをしょきかします。","We'll initialize the weights.","02_deep_learning_nn",""
"02_deep_learning_nn","バイアス（ばいあす）","bias term<br><b>Example</b>: バイアス項を含める。 / ばいあすこうをふくめる。 / Include a bias term.","バイアス","ばいあす","bias term","バイアスをそうにいれます。","ばいあすをそうにいれます。","We'll add a bias term to the layer.","バイアスをそうにいれます。","ばいあすをそうにいれます。","We'll add a bias term to the layer.","バイアスをぜろでしょきかします。","ばいあすをぜろでしょきかします。","We'll initialize the bias to zero.","02_deep_learning_nn",""
"02_deep_learning_nn","活性化関数（かっせいかかんすう）","activation function<br><b>Example</b>: 活性化関数をReLUにする。 / かっせいかかんすうをりるーにする。 / Use ReLU as activation.","活性化関数","かっせいかかんすう","activation function","活性化関数をれるーにします。","かっせいかかんすうをれるーにします。","We'll set the activation function to ReLU.","活性化関数をれるーにします。","かっせいかかんすうをれるーにします。","We'll set the activation function to ReLU.","活性化関数をかえてくらべます。","かっせいかかんすうをかえてくらべます。","We'll compare different activations.","02_deep_learning_nn",""
"02_deep_learning_nn","勾配（こうばい）","gradient<br><b>Example</b>: 勾配が消える。 / こうばいがきえる。 / Gradients vanish.","勾配","こうばい","gradient","勾配をくりっぷします。","こうばいをくりっぷします。","We'll clip the gradients.","勾配がちいさくなっています。","こうばいがちいさくなっています。","The gradient is getting small.","勾配をくりっぷします。","こうばいをくりっぷします。","We'll clip the gradients.","02_deep_learning_nn",""
"02_deep_learning_nn","勾配降下法（こうばいこうかほう）","gradient descent<br><b>Example</b>: 勾配降下法で更新する。 / こうばいこうかほうでこうしんする。 / Update via gradient descent.","勾配降下法","こうばいこうかほう","gradient descent","勾配降下法でさいてきかします。","こうばいこうかほうでさいてきかします。","We'll optimize with gradient descent.","勾配降下法でさいてきかします。","こうばいこうかほうでさいてきかします。","We'll optimize with gradient descent.","勾配降下法のすてっぷをちょうせいします。","こうばいこうかほうのすてっぷをちょうせいします。","We'll adjust the step size for gradient descent.","02_deep_learning_nn",""
"02_deep_learning_nn","ミニバッチ（みにばっち）","mini-batch<br><b>Example</b>: ミニバッチで学習する。 / みにばっちでがくしゅうする。 / Train with mini-batches.","ミニバッチ","みにばっち","mini-batch","ミニバッチでがくしゅうします。","みにばっちでがくしゅうします。","We'll train with mini-batches.","ミニバッチでがくしゅうします。","みにばっちでがくしゅうします。","We'll train with mini-batches.","ミニバッチのさいずをかえます。","みにばっちのさいずをかえます。","We'll change the mini-batch size.","02_deep_learning_nn",""
"02_deep_learning_nn","エポック（えぽっく）","epoch<br><b>Example</b>: 10エポック回す。 / じゅうえぽっくまわす。 / Run 10 epochs.","エポック","えぽっく","epoch","エポックを10まわします。","えぽっくを10まわします。","We'll run 10 epochs.","エポックを10までまわします。","えぽっくを10までまわします。","We'll run 10 epochs.","エポックごとにひょうかします。","えぽっくごとにひょうかします。","We'll evaluate every epoch.","02_deep_learning_nn",""
"02_deep_learning_nn","正則化（せいそくか）","regularization<br><b>Example</b>: 正則化で過学習を抑える。 / せいそくかでかがくしゅうをおさえる。 / Reduce overfitting with regularization.","正則化","せいそくか","regularization","正則化をいれます。","せいそくかをいれます。","We'll add regularization.","正則化をいれてあんていさせます。","せいそくかをいれてあんていさせます。","We'll add regularization to stabilize.","正則化のつよさをちょうせいします。","せいそくかのつよさをちょうせいします。","We'll tune regularization strength.","02_deep_learning_nn",""
"02_deep_learning_nn","ドロップアウト（どろっぷあうと）","dropout<br><b>Example</b>: ドロップアウト率を上げる。 / どろっぷあうとりつをあげる。 / Increase dropout rate.","ドロップアウト","どろっぷあうと","dropout","ドロップアウトをいれます。","どろっぷあうとをいれます。","We'll add dropout.","ドロップアウトをいれます。","どろっぷあうとをいれます。","We'll add dropout.","ドロップアウトりつをかえます。","どろっぷあうとりつをかえます。","We'll change the dropout rate.","02_deep_learning_nn",""
"02_deep_learning_nn","バッチ正規化（ばっちせいきか）","batch normalization<br><b>Example</b>: バッチ正規化を入れる。 / ばっちせいきかをいれる。 / Add batch norm.","バッチ正規化","ばっちせいきか","batch normalization","バッチ正規化をいれます。","ばっちせいきかをいれます。","We'll add batch normalization.","バッチ正規化をそうにいれます。","ばっちせいきかをそうにいれます。","We'll add batch normalization.","バッチ正規化のいちをかえます。","ばっちせいきかのいちをかえます。","We'll change where batch norm is applied.","02_deep_learning_nn",""
"02_deep_learning_nn","過学習（かがくしゅう）","overfitting<br><b>Example</b>: 過学習している可能性がある。 / かがくしゅうしているかのうせいがある。 / It may be overfitting.","過学習","かがくしゅう","overfitting","このもでるは過学習しています。","このもでるはかがくしゅうしています。","This model is overfitting.","てすとで過学習がみえます。","てすとでかがくしゅうがみえます。","We can see overfitting on the test set.","過学習をさけるためにそうきしゅうりょうをつかいます。","かがくしゅうをさけるためにそうきしゅうりょうをつかいます。","We'll use early stopping to avoid overfitting.","02_deep_learning_nn",""
"02_deep_learning_nn","汎化（はんか）","generalization<br><b>Example</b>: 汎化性能を確認する。 / はんかせいのうをかくにんする。 / Check generalization.","汎化","はんか","generalization","汎化せいのうをみます。","はんかせいのうをみます。","We'll check generalization performance.","汎化せいのうをかくにんします。","はんかせいのうをかくにんします。","We'll check generalization.","汎化をあげるためにでーたをふやします。","はんかをあげるためにでーたをふやします。","We'll add more data to improve generalization.","02_deep_learning_nn",""
"02_deep_learning_nn","事前学習（じぜんがくしゅう）","pretraining<br><b>Example</b>: 大規模データで事前学習する。 / だいきぼでーたでじぜんがくしゅうする。 / Pretrain on large data.","事前学習","じぜんがくしゅう","pretraining","事前学習ずみのもでるをつかいます。","じぜんがくしゅうずみのもでるをつかいます。","We'll use a pretrained model.","まず事前学習をします。","まずじぜんがくしゅうをします。","We'll do pretraining first.","事前学習ずみのもでるをつかいます。","じぜんがくしゅうずみのもでるをつかいます。","We'll use a pretrained model.","02_deep_learning_nn",""
"02_deep_learning_nn","微調整（びちょうせい）","fine-tuning<br><b>Example</b>: 日本語用に微調整する。 / にほんごようにびちょうせいする。 / Fine-tune for Japanese.","微調整","びちょうせい","fine-tuning","このもでるを微調整します。","このもでるをびちょうせいします。","We'll fine-tune this model.","微調整でせいのうをあげます。","びちょうせいでせいのうをあげます。","Fine-tuning improves performance.","微調整のれーとをさげます。","びちょうせいのれーとをさげます。","We'll lower the fine-tuning rate.","02_deep_learning_nn",""
"02_deep_learning_nn","転移学習（てんいがくしゅう）","transfer learning<br><b>Example</b>: 転移学習で学習時間を短縮する。 / てんいがくしゅうでがくしゅうじかんをたんしゅくする。 / Reduce training time via transfer learning.","転移学習","てんいがくしゅう","transfer learning","転移学習をつかいます。","てんいがくしゅうをつかいます。","We'll use transfer learning.","転移学習ででーたがすくなくてもまなびます。","てんいがくしゅうででーたがすくなくてもまなびます。","Transfer learning helps with little data.","転移学習のもとになるもでるをえらびます。","てんいがくしゅうのもとになるもでるをえらびます。","We'll choose a source model for transfer learning.","02_deep_learning_nn",""
"02_deep_learning_nn","早期終了（そうきしゅうりょう）","early stopping<br><b>Example</b>: 早期終了を有効にする。 / そうきしゅうりょうをゆうこうにする。 / Enable early stopping.","早期終了","そうきしゅうりょう","early stopping","早期終了をいれます。","そうきしゅうりょうをいれます。","We'll add early stopping.","早期終了をいれます。","そうきしゅうりょうをいれます。","We'll add early stopping.","早期終了のたいみんぐをちょうせいします。","そうきしゅうりょうのたいみんぐをちょうせいします。","We'll tune when early stopping triggers.","02_deep_learning_nn",""
"03_nlp_llm","自然言語処理（しぜんげんごしょり）","natural language processing (NLP)<br><b>Example</b>: 自然言語処理のタスクを整理する。 / しぜんげんごしょりのたすくをせいりする。 / Organize NLP tasks.","自然言語処理","しぜんげんごしょり","natural language processing (NLP)","自然言語処理でめーるをぶんるいします。","しぜんげんごしょりでめーるをぶんるいします。","We'll classify emails with NLP.","自然言語処理でめーるをぶんるいします。","しぜんげんごしょりでめーるをぶんるいします。","We'll classify emails with NLP.","自然言語処理でいみをとります。","しぜんげんごしょりでいみをとります。","We extract meaning with NLP.","03_nlp_llm",""
"03_nlp_llm","トークン（とーくん）","token<br><b>Example</b>: トークン数を制限する。 / とーくんすうをせいげんする。 / Limit token count.","トークン","とーくん","token","トークンがたりません。","とーくんがたりません。","We're short on tokens.","トークンすうをへらします。","とーくんすうをへらします。","We'll reduce the token count.","トークンすうをかぞえます。","とーくんすうをかぞえます。","We'll count tokens.","03_nlp_llm",""
"03_nlp_llm","トークナイザ（とーくないざ）","tokenizer<br><b>Example</b>: トークナイザを合わせる。 / とーくないざをあわせる。 / Align tokenizers.","トークナイザ","とーくないざ","tokenizer","トークナイザをそろえます。","とーくないざをそろえます。","We'll align tokenizers.","トークナイザをかえてためします。","とーくないざをかえてためします。","We'll try a different tokenizer.","トークナイザのしょりをはやくします。","とーくないざのしょりをはやくします。","We'll speed up tokenization.","03_nlp_llm",""
"03_nlp_llm","語彙（ごい）","vocabulary<br><b>Example</b>: 語彙を拡張する。 / ごいをかくちょうする。 / Expand vocabulary.","語彙","ごい","vocabulary","語彙をそろえます。","ごいをそろえます。","We'll align the vocabulary.","語彙をふやしておぼえます。","ごいをふやしておぼえます。","We'll expand our vocabulary.","このたすくの語彙をそろえます。","このたすくのごいをそろえます。","We'll align the vocabulary for this task.","03_nlp_llm",""
"03_nlp_llm","埋め込み（うめこみ）","embedding<br><b>Example</b>: 埋め込みを再計算する。 / うめこみをさいけいさんする。 / Recompute embeddings.","埋め込み","うめこみ","embedding","埋め込みをさくせいします。","うめこみをさくせいします。","We'll create embeddings.","埋め込みをつかってにたものをさがします。","うめこみをつかってにたものをさがします。","We'll use embeddings to find similar items.","埋め込みをほぞんしてさいりようします。","うめこみをほぞんしてさいりようします。","We'll store embeddings and reuse them.","03_nlp_llm",""
"03_nlp_llm","ベクトル（べくとる）","vector<br><b>Example</b>: ベクトル検索を使う。 / べくとるけんさくをつかう。 / Use vector search.","ベクトル","べくとる","vector","ベクトルでひかくします。","べくとるでひかくします。","We'll compare using vectors.","ベクトルにしてくらべます。","べくとるにしてくらべます。","We'll convert to vectors and compare.","ベクトルのながさをそろえます。","べくとるのながさをそろえます。","We'll normalize vector length.","03_nlp_llm",""
"03_nlp_llm","類似度（るいじど）","similarity<br><b>Example</b>: 類似度で並べ替える。 / るいじどでならべかえる。 / Sort by similarity.","類似度","るいじど","similarity","類似度でならべます。","るいじどでならべます。","We'll sort by similarity.","類似度でならべます。","るいじどでならべます。","We'll sort by similarity.","類似度のけいさんほうほうをかえます。","るいじどのけいさんほうほうをかえます。","We'll change how we compute similarity.","03_nlp_llm",""
"03_nlp_llm","ベクトル検索（べくとるけんさく）","vector search<br><b>Example</b>: ベクトル検索の精度を測る。 / べくとるけんさくのせいどをはかる。 / Measure vector-search quality.","ベクトル検索","べくとるけんさく","vector search","ベクトル検索でにたぶんしょうをさがします。","べくとるけんさくでにたぶんしょうをさがします。","We'll find similar texts with vector search.","ベクトル検索でにたぶんしょうをさがします。","べくとるけんさくでにたぶんしょうをさがします。","We'll find similar texts with vector search.","ベクトル検索のしきいちをちょうせいします。","べくとるけんさくのしきいちをちょうせいします。","We'll tune the vector-search threshold.","03_nlp_llm",""
"03_nlp_llm","検索拡張生成（けんさくかくちょうせいせい）","retrieval-augmented generation (RAG)<br><b>Example</b>: 検索拡張生成で根拠を付ける。 / けんさくかくちょうせいせいでこんきょをつける。 / Add grounding with RAG.","検索拡張生成","けんさくかくちょうせいせい","retrieval-augmented generation (RAG)","検索拡張生成でこんきょをつけます。","けんさくかくちょうせいせいでこんきょをつけます。","We'll add grounding with RAG.","検索拡張生成でこんきょつきのこたえをつくります。","けんさくかくちょうせいせいでこんきょつきのこたえをつくります。","We'll generate answers with evidence using RAG.","検索拡張生成のそーすをふやします。","けんさくかくちょうせいせいのそーすをふやします。","We'll add more sources for RAG.","03_nlp_llm",""
"03_nlp_llm","プロンプト（ぷろんぷと）","prompt<br><b>Example</b>: プロンプトを短くする。 / ぷろんぷとをみじかくする。 / Shorten the prompt.","プロンプト","ぷろんぷと","prompt","プロンプトをみなおします。","ぷろんぷとをみなおします。","We'll revise the prompt.","プロンプトをみなおしてしつをあげます。","ぷろんぷとをみなおしてしつをあげます。","We'll revise the prompt to improve quality.","プロンプトをかえてけっかをくらべます。","ぷろんぷとをかえてけっかをくらべます。","We'll compare results with different prompts.","03_nlp_llm",""
"03_nlp_llm","指示（しじ）","instruction<br><b>Example</b>: 指示を明確に書く。 / しじをめいかくにかく。 / Write clear instructions.","指示","しじ","instruction","指示をみじかくします。","しじをみじかくします。","We'll keep the instruction short.","指示がながいとまちがえます。","しじがながいとまちがえます。","Long instructions can cause mistakes.","かんたんな指示にします。","かんたんなしじにします。","We'll keep the instruction simple.","03_nlp_llm",""
"03_nlp_llm","文脈（ぶんみゃく）","context<br><b>Example</b>: 文脈が足りない。 / ぶんみゃくがたりない。 / There isn’t enough context.","文脈","ぶんみゃく","context","文脈がたりません。","ぶんみゃくがたりません。","There's not enough context.","文脈がないといみがかわります。","ぶんみゃくがないといみがかわります。","Without context the meaning changes.","文脈をたすためにれきしをつけます。","ぶんみゃくをたすためにれきしをつけます。","We'll add history to provide context.","03_nlp_llm",""
"03_nlp_llm","生成（せいせい）","generation<br><b>Example</b>: 生成結果を比較する。 / せいせいけっかをひかくする。 / Compare generations.","生成","せいせい","generation","生成のしつをひょうかします。","せいせいのしつをひょうかします。","We'll evaluate generation quality.","生成のすぴーどをはかります。","せいせいのすぴーどをはかります。","We'll measure generation speed.","生成のしつをひょうかします。","せいせいのしつをひょうかします。","We'll evaluate generation quality.","03_nlp_llm",""
"03_nlp_llm","出力（しゅつりょく）","output<br><b>Example</b>: 出力形式を固定する。 / しゅつりょくけいしきをこていする。 / Fix the output format.","出力","しゅつりょく","output","出力をろぐにのこします。","しゅつりょくをろぐにのこします。","We'll log the output.","出力をろぐにのこします。","しゅつりょくをろぐにのこします。","We'll log the output.","この出力をかくにんします。","このしゅつりょくをかくにんします。","We'll check this output.","03_nlp_llm",""
"03_nlp_llm","幻覚（げんかく）","hallucination<br><b>Example</b>: 幻覚を減らしたい。 / げんかくをへらしたい。 / We want fewer hallucinations.","幻覚","げんかく","hallucination","幻覚をへらしたいです。","げんかくをへらしたいです。","We want fewer hallucinations.","このもでるは幻覚することがあります。","このもでるはげんかくすることがあります。","This model can hallucinate.","幻覚をへらすためにこんきょをつけます。","げんかくをへらすためにこんきょをつけます。","We'll add grounding to reduce hallucinations.","03_nlp_llm",""
"03_nlp_llm","根拠（こんきょ）","evidence / grounding<br><b>Example</b>: 根拠の引用を付ける。 / こんきょのいんようをつける。 / Add cited evidence.","根拠","こんきょ","evidence / grounding","根拠をつけてこたえます。","こんきょをつけてこたえます。","We'll answer with evidence.","このしゅちょうの根拠をしめしてください。","このしゅちょうのこんきょをしめしてください。","Please show evidence for this claim.","根拠がないこたえはだしません。","こんきょがないこたえはだしません。","We won't give answers without evidence.","03_nlp_llm",""
"03_nlp_llm","要約（ようやく）","summarization<br><b>Example</b>: 文章を要約する。 / ぶんしょうをようやくする。 / Summarize the text.","要約","ようやく","summarization","このぶんしょうを要約します。","このぶんしょうをようやくします。","We'll summarize this text.","このぶんしょうを要約します。","このぶんしょうをようやくします。","We'll summarize this text.","要約をみじかくします。","ようやくをみじかくします。","We'll make the summary shorter.","03_nlp_llm",""
"03_nlp_llm","翻訳（ほんやく）","translation<br><b>Example</b>: 日本語に翻訳する。 / にほんごにほんやくする。 / Translate into Japanese.","翻訳","ほんやく","translation","えいごに翻訳します。","えいごにほんやくします。","We'll translate it into English.","このぶんをえいごに翻訳します。","このぶんをえいごにほんやくします。","We'll translate this sentence into English.","翻訳のしつをくらべます。","ほんやくのしつをくらべます。","We'll compare translation quality.","03_nlp_llm",""
"03_nlp_llm","意図（いと）","intent<br><b>Example</b>: ユーザーの意図を推定する。 / ゆーざーのいとをすいていする。 / Infer user intent.","意図","いと","intent","ゆーざーの意図をりかいします。","ゆーざーのいとをりかいします。","We'll understand the user's intent.","ゆーざーの意図をりかいします。","ゆーざーのいとをりかいします。","We'll understand the user's intent.","意図がちがうとけっかがかわります。","いとがちがうとけっかがかわります。","If the intent differs the result changes.","03_nlp_llm",""
"03_nlp_llm","評価データ（ひょうかでーた）","evaluation dataset<br><b>Example</b>: 評価データを更新する。 / ひょうかでーたをこうしんする。 / Update the eval set.","評価データ","ひょうかでーた","evaluation dataset","評価データをよういします。","ひょうかでーたをよういします。","We'll prepare evaluation data.","評価データをよういします。","ひょうかでーたをよういします。","We'll prepare evaluation data.","評価データでさいげんせいをかくにんします。","ひょうかでーたでさいげんせいをかくにんします。","We'll check reproducibility with evaluation data.","03_nlp_llm",""
"04_metrics_validation","検証（けんしょう）","validation / verification<br><b>Example</b>: 仮説を検証する。 / かせつをけんしょうする。 / Verify the hypothesis.","検証","けんしょう","validation / verification","検証のためにてすとします。","けんしょうのためにてすとします。","We'll run tests for validation.","検証のためにてすとをします。","けんしょうのためにてすとをします。","We'll run tests for validation.","検証のけっかをきろくします。","けんしょうのけっかをきろくします。","We'll record the validation results.","04_metrics_validation",""
"04_metrics_validation","交差検証（こうさけんしょう）","cross-validation<br><b>Example</b>: 交差検証で安定性を見る。 / こうさけんしょうであんていせいをみる。 / Check stability with cross-validation.","交差検証","こうさけんしょう","cross-validation","交差検証を5ふぉーるどでまわします。","こうさけんしょうを5ふぉーるどでまわします。","We'll run 5-fold cross-validation.","交差検証でぶれをみます。","こうさけんしょうでぶれをみます。","We'll use cross-validation to see variance.","交差検証を5ぶんかつでまわします。","こうさけんしょうを5ぶんかつでまわします。","We'll run 5-fold cross-validation.","04_metrics_validation",""
"04_metrics_validation","ベンチマーク（べんちまーく）","benchmark<br><b>Example</b>: ベンチマークを更新する。 / べんちまーくをこうしんする。 / Update the benchmark.","ベンチマーク","べんちまーく","benchmark","ベンチマークでくらべます。","べんちまーくでくらべます。","We'll compare against a benchmark.","ベンチマークでせいのうをくらべます。","べんちまーくでせいのうをくらべます。","We'll compare performance with a benchmark.","ベンチマークのじょうけんをそろえます。","べんちまーくのじょうけんをそろえます。","We'll keep benchmark conditions consistent.","04_metrics_validation",""
"04_metrics_validation","指標（しひょう）","metric / indicator<br><b>Example</b>: 指標を定義する。 / しひょうをていぎする。 / Define the metric.","指標","しひょう","metric / indicator","指標をきめます。","しひょうをきめます。","We'll decide the metric.","指標をきめます。","しひょうをきめます。","We'll decide the metric.","指標はひとつだけにしません。","しひょうはひとつだけにしません。","We won't rely on a single metric.","04_metrics_validation",""
"04_metrics_validation","適合率（てきごうりつ）","precision<br><b>Example</b>: 適合率を優先する。 / てきごうりつをゆうせんする。 / Prioritize precision.","適合率","てきごうりつ","precision","適合率をあげます。","てきごうりつをあげます。","We'll increase precision.","適合率をあげたいです。","てきごうりつをあげたいです。","We want higher precision.","適合率とさいげんりつのばらんすをとります。","てきごうりつとさいげんりつのばらんすをとります。","We'll balance precision and recall.","04_metrics_validation",""
"04_metrics_validation","再現率（さいげんりつ）","recall<br><b>Example</b>: 再現率が低い。 / さいげんりつがひくい。 / Recall is low.","再現率","さいげんりつ","recall","再現率をあげます。","さいげんりつをあげます。","We'll increase recall.","再現率をあげるとごけんしゅつもふえます。","さいげんりつをあげるとごけんしゅつもふえます。","Higher recall can increase false positives.","再現率をちょうせいします。","さいげんりつをちょうせいします。","We'll tune recall.","04_metrics_validation",""
"04_metrics_validation","F1スコア（えふわんすこあ）","F1 score<br><b>Example</b>: F1スコアで比較する。 / えふわんすこあでひかくする。 / Compare using F1.","F1スコア","えふわんすこあ","F1 score","F1スコアをみます。","えふわんすこあをみます。","We'll look at the F1 score.","F1スコアでばらんすをみます。","えふわんすこあでばらんすをみます。","We'll use F1 score to see the balance.","F1スコアがいちばんたかいしきいちをえらびます。","えふわんすこあがいちばんたかいしきいちをえらびます。","We'll pick the threshold with the best F1.","04_metrics_validation",""
"04_metrics_validation","混同行列（こんどうぎょうれつ）","confusion matrix<br><b>Example</b>: 混同行列を確認する。 / こんどうぎょうれつをかくにんする。 / Review the confusion matrix.","混同行列","こんどうぎょうれつ","confusion matrix","混同行列をつくります。","こんどうぎょうれつをつくります。","We'll build a confusion matrix.","混同行列でまちがいのぱたーんをみます。","こんどうぎょうれつでまちがいのぱたーんをみます。","We'll use a confusion matrix to see error patterns.","混同行列をれぽーとにのせます。","こんどうぎょうれつをれぽーとにのせます。","We'll include the confusion matrix in the report.","04_metrics_validation",""
"04_metrics_validation","誤差（ごさ）","error<br><b>Example</b>: 誤差が大きい。 / ごさがおおきい。 / The error is large.","誤差","ごさ","error","誤差をへらします。","ごさをへらします。","We'll reduce the error.","誤差のへんかをみます。","ごさのへんかをみます。","We'll watch how the error changes.","誤差がちいさいほどよいです。","ごさがちいさいほどよいです。","Smaller error is better.","04_metrics_validation",""
"04_metrics_validation","ばらつき（ばらつき）","variance / scatter<br><b>Example</b>: 結果にばらつきがある。 / けっかにばらつきがある。 / Results vary.","ばらつき","ばらつき","variance / scatter","ばらつきがおおいです。","ばらつきがおおいです。","There's a lot of variance.","ばらつきがおおきいとふあんていです。","ばらつきがおおきいとふあんていです。","Large variance means instability.","ばらつきをへらすためにでーたをふやします。","ばらつきをへらすためにでーたをふやします。","We'll add more data to reduce variance.","04_metrics_validation",""
"04_metrics_validation","信頼区間（しんらいくかん）","confidence interval<br><b>Example</b>: 信頼区間を出す。 / しんらいくかんをだす。 / Compute a confidence interval.","信頼区間","しんらいくかん","confidence interval","信頼区間をだします。","しんらいくかんをだします。","We'll report a confidence interval.","信頼区間をだしてせつめいします。","しんらいくかんをだしてせつめいします。","We'll present a confidence interval.","信頼区間がひろいとふあんです。","しんらいくかんがひろいとふあんです。","A wide confidence interval is concerning.","04_metrics_validation",""
"04_metrics_validation","閾値（しきいち）","threshold<br><b>Example</b>: 閾値を調整する。 / しきいちをちょうせいする。 / Tune the threshold.","閾値","しきいち","threshold","閾値をちょうせいします。","しきいちをちょうせいします。","We'll tune the threshold.","閾値をちょうせいします。","しきいちをちょうせいします。","We'll tune the threshold.","閾値をかえるとてきごうりつがかわります。","しきいちをかえるとてきごうりつがかわります。","Changing the threshold changes precision.","04_metrics_validation",""
"04_metrics_validation","データ漏洩（でーたろうえい）","data leakage<br><b>Example</b>: データ漏洩がないか確認する。 / でーたろうえいがないかかくにんする。 / Ensure there’s no leakage.","データ漏洩","でーたろうえい","data leakage","データ漏洩をふせぎます。","でーたろうえいをふせぎます。","We'll prevent data leakage.","データ漏洩をふせぎます。","でーたろうえいをふせぎます。","We'll prevent data leakage.","データ漏洩があるとひょうかがうそになります。","でーたろうえいがあるとひょうかがうそになります。","With data leakage the evaluation is misleading.","04_metrics_validation",""
"04_metrics_validation","再現性（さいげんせい）","reproducibility<br><b>Example</b>: 再現性を確保する。 / さいげんせいをかくほする。 / Ensure reproducibility.","再現性","さいげんせい","reproducibility","再現性をたかめます。","さいげんせいをたかめます。","We'll improve reproducibility.","再現性をたかめたいです。","さいげんせいをたかめたいです。","We want better reproducibility.","再現性のためにしーどをきろくします。","さいげんせいのためにしーどをきろくします。","We record seeds for reproducibility.","04_metrics_validation",""
"05_data_experimentation","データ（でーた）","data<br><b>Example</b>: データを収集する。 / でーたをしゅうしゅうする。 / Collect data.","データ","でーた","data","データをあつめます。","でーたをあつめます。","We'll collect data.","データをあつめます。","でーたをあつめます。","We'll collect data.","データのしつをかくにんします。","でーたのしつをかくにんします。","We'll check data quality.","05_data_experimentation",""
"05_data_experimentation","データセット（でーたせっと）","dataset<br><b>Example</b>: データセットを分割する。 / でーたせっとをぶんかつする。 / Split the dataset.","データセット","でーたせっと","dataset","データセットをわけます。","でーたせっとをわけます。","We'll split the dataset.","データセットをわけます。","でーたせっとをわけます。","We'll split the dataset.","データセットをこうかいしません。","でーたせっとをこうかいしません。","We won't publish the dataset.","05_data_experimentation",""
"05_data_experimentation","前処理（まえしょり）","preprocessing<br><b>Example</b>: 前処理を統一する。 / まえしょりをとういつする。 / Standardize preprocessing.","前処理","まえしょり","preprocessing","前処理でのいずをへらします。","まえしょりでのいずをへらします。","Preprocessing reduces noise.","前処理でのいずをへらします。","まえしょりでのいずをへらします。","Preprocessing reduces noise.","前処理のすてっぷをきろくします。","まえしょりのすてっぷをきろくします。","We'll document preprocessing steps.","05_data_experimentation",""
"05_data_experimentation","正規化（せいきか）","normalization<br><b>Example</b>: 入力を正規化する。 / にゅうりょくをせいきかする。 / Normalize inputs.","正規化","せいきか","normalization","正規化ですけーるをそろえます。","せいきかですけーるをそろえます。","Normalization aligns scales.","正規化ですけーるをそろえます。","せいきかですけーるをそろえます。","Normalization aligns scales.","正規化をするまえとあとでくらべます。","せいきかをするまえとあとでくらべます。","We'll compare before and after normalization.","05_data_experimentation",""
"05_data_experimentation","欠損（けっそん）","missing values<br><b>Example</b>: 欠損を補完する。 / けっそんをほかんする。 / Impute missing values.","欠損","けっそん","missing values","欠損をみつけます。","けっそんをみつけます。","We'll find missing values.","欠損があるれつをみつけます。","けっそんがあるれつをみつけます。","We'll find columns with missing values.","欠損はうめるかけずります。","けっそんはうめるかけずります。","We'll impute or drop missing values.","05_data_experimentation",""
"05_data_experimentation","外れ値（はずれち）","outlier<br><b>Example</b>: 外れ値を除外する。 / はずれちをじょがいする。 / Remove outliers.","外れ値","はずれち","outlier","外れ値をのぞきます。","はずれちをのぞきます。","We'll remove outliers.","外れ値をけんしゅつします。","はずれちをけんしゅつします。","We'll detect outliers.","外れ値をのぞいてひょうかします。","はずれちをのぞいてひょうかします。","We'll evaluate without outliers.","05_data_experimentation",""
"05_data_experimentation","サンプリング（さんぷりんぐ）","sampling<br><b>Example</b>: サンプリング方法を変える。 / さんぷりんぐほうほうをかえる。 / Change sampling method.","サンプリング","さんぷりんぐ","sampling","サンプリングででーたをへらします。","さんぷりんぐででーたをへらします。","We'll reduce data via sampling.","サンプリングででーたをへらします。","さんぷりんぐででーたをへらします。","Sampling reduces the data size.","サンプリングのわりあいをかえます。","さんぷりんぐのわりあいをかえます。","We'll change the sampling ratio.","05_data_experimentation",""
"05_data_experimentation","分布（ぶんぷ）","distribution<br><b>Example</b>: 分布が変わった。 / ぶんぷがかわった。 / The distribution shifted.","分布","ぶんぷ","distribution","分布をかくにんします。","ぶんぷをかくにんします。","We'll check the distribution.","分布をかくにんします。","ぶんぷをかくにんします。","We'll check the distribution.","分布がずれていないかみます。","ぶんぷがずれていないかみます。","We'll see if the distribution shifted.","05_data_experimentation",""
"05_data_experimentation","データドリフト（でーたどりふと）","data drift<br><b>Example</b>: データドリフトを検知する。 / でーたどりふとをけんちする。 / Detect data drift.","データドリフト","でーたどりふと","data drift","データドリフトをかんしします。","でーたどりふとをかんしします。","We'll monitor data drift.","データドリフトをかんしします。","でーたどりふとをかんしします。","We'll monitor data drift.","データドリフトがあるとせいのうがさがります。","でーたどりふとがあるとせいのうがさがります。","Data drift can reduce performance.","05_data_experimentation",""
"05_data_experimentation","特徴量エンジニアリング（とくちょうりょうえんじにありんぐ）","feature engineering<br><b>Example</b>: 特徴量エンジニアリングを進める。 / とくちょうりょうえんじにありんぐをすすめる。 / Do feature engineering.","特徴量エンジニアリング","とくちょうりょうえんじにありんぐ","feature engineering","特徴量エンジニアリングでせいどをあげます。","とくちょうりょうえんじにありんぐでせいどをあげます。","Feature engineering can improve accuracy.","特徴量エンジニアリングでせいどをあげます。","とくちょうりょうえんじにありんぐでせいどをあげます。","Feature engineering can improve accuracy.","特徴量エンジニアリングのあいであをだします。","とくちょうりょうえんじにありんぐのあいであをだします。","We'll propose feature-engineering ideas.","05_data_experimentation",""
"05_data_experimentation","実験（じっけん）","experiment<br><b>Example</b>: 実験条件をそろえる。 / じっけんじょうけんをそろえる。 / Keep conditions consistent.","実験","じっけん","experiment","実験をくりかえします。","じっけんをくりかえします。","We'll run experiments repeatedly.","実験のじょうけんをそろえます。","じっけんのじょうけんをそろえます。","We'll keep experiment conditions consistent.","実験のけっかをきろくします。","じっけんのけっかをきろくします。","We'll record experiment results.","05_data_experimentation",""
"05_data_experimentation","A/Bテスト（えーびーてすと）","A/B test<br><b>Example</b>: A/Bテストで効果を見る。 / えーびーてすとでこうかをみる。 / Measure impact via A/B test.","A/Bテスト","えーびーてすと","A/B test","A/Bテストをします。","えーびーてすとをします。","We'll run an A/B test.","A/Bテストをまわします。","えーびーてすとをまわします。","We'll run an A/B test.","A/Bテストのきかんをきめます。","えーびーてすとのきかんをきめます。","We'll decide the A/B test duration.","05_data_experimentation",""
"05_data_experimentation","対照群（たいしょうぐん）","control group<br><b>Example</b>: 対照群と比較する。 / たいしょうぐんとひかくする。 / Compare to control.","対照群","たいしょうぐん","control group","対照群をよういします。","たいしょうぐんをよういします。","We'll prepare a control group.","対照群をよういします。","たいしょうぐんをよういします。","We'll prepare a control group.","対照群とくらべます。","たいしょうぐんとくらべます。","We'll compare against the control.","05_data_experimentation",""
"05_data_experimentation","変数（へんすう）","variable<br><b>Example</b>: 変数を固定する。 / へんすうをこていする。 / Hold variables constant.","変数","へんすう","variable","変数をへんこうします。","へんすうをへんこうします。","We'll change the variables.","変数をふやすとふくざつになります。","へんすうをふやすとふくざつになります。","More variables increase complexity.","変数をていぎします。","へんすうをていぎします。","We'll define the variables.","05_data_experimentation",""
"05_data_experimentation","乱数シード（らんすうしーど）","random seed<br><b>Example</b>: 乱数シードを固定する。 / らんすうしーどをこていする。 / Fix the random seed.","乱数シード","らんすうしーど","random seed","乱数シードをこていします。","らんすうしーどをこていします。","We'll fix the random seed.","乱数シードをこていします。","らんすうしーどをこていします。","We'll fix the random seed.","乱数シードをきろくしてさいげんします。","らんすうしーどをきろくしてさいげんします。","We'll record the random seed to reproduce.","05_data_experimentation",""
"06_mlops_systems","運用（うんよう）","operations<br><b>Example</b>: モデルを運用する。 / もでるをうんようする。 / Operate the model.","運用","うんよう","operations","運用でかんしをつづけます。","うんようでかんしをつづけます。","Operations includes ongoing monitoring.","運用でかんしをつづけます。","うんようでかんしをつづけます。","Operations includes ongoing monitoring.","運用のてじゅんをきろくします。","うんようのてじゅんをきろくします。","We'll document the ops procedure.","06_mlops_systems",""
"06_mlops_systems","本番（ほんばん）","production<br><b>Example</b>: 本番にデプロイする。 / ほんばんにでぷろいする。 / Deploy to production.","本番","ほんばん","production","本番にでぷろいします。","ほんばんにでぷろいします。","We'll deploy to production.","本番にでぷろいします。","ほんばんにでぷろいします。","We'll deploy to production.","本番のえいきょうをみます。","ほんばんのえいきょうをみます。","We'll watch production impact.","06_mlops_systems",""
"06_mlops_systems","検証環境（けんしょうかんきょう）","staging/test environment<br><b>Example</b>: 検証環境で確認する。 / けんしょうかんきょうでかくにんする。 / Verify in staging.","検証環境","けんしょうかんきょう","staging/test environment","検証環境でためします。","けんしょうかんきょうでためします。","We'll test in staging.","検証環境でためします。","けんしょうかんきょうでためします。","We'll test in staging.","検証環境とほんばんをそろえます。","けんしょうかんきょうとほんばんをそろえます。","We'll align staging and production.","06_mlops_systems",""
"06_mlops_systems","デプロイ（でぷろい）","deploy<br><b>Example</b>: 今日デプロイする。 / きょうでぷろいする。 / Deploy today.","デプロイ","でぷろい","deploy","いまデプロイします。","いまでぷろいします。","I'm deploying now.","デプロイをじどうかします。","でぷろいをじどうかします。","We'll automate deployments.","デプロイのあとにけんしょうします。","でぷろいのあとにけんしょうします。","We'll verify after deploy.","06_mlops_systems",""
"06_mlops_systems","ロールバック（ろーるばっく）","rollback<br><b>Example</b>: 問題があればロールバックする。 / もんだいがあればろーるばっくする。 / Roll back if needed.","ロールバック","ろーるばっく","rollback","もんだいがあればロールバックします。","もんだいがあればろーるばっくします。","We'll rollback if there's an issue.","もんだいがあればロールバックします。","もんだいがあればろーるばっくします。","We'll rollback if there's an issue.","ロールバックのてじゅんをよういします。","ろーるばっくのてじゅんをよういします。","We'll prepare a rollback procedure.","06_mlops_systems",""
"06_mlops_systems","監視（かんし）","monitoring<br><b>Example</b>: レイテンシを監視する。 / れいてんしをかんしする。 / Monitor latency.","監視","かんし","monitoring","監視をつよくします。","かんしをつよくします。","We'll strengthen monitoring.","監視であらーとをうけとります。","かんしであらーとをうけとります。","Monitoring triggers alerts.","監視のしきいちをちょうせいします。","かんしのしきいちをちょうせいします。","We'll tune monitoring thresholds.","06_mlops_systems",""
"06_mlops_systems","アラート（あらーと）","alert<br><b>Example</b>: アラートが鳴った。 / あらーとがなった。 / An alert fired.","アラート","あらーと","alert","アラートがなりました。","あらーとがなりました。","An alert fired.","アラートがなったらたいおうします。","あらーとがなったらたいおうします。","We'll respond when an alert fires.","アラートののいずをへらします。","あらーとののいずをへらします。","We'll reduce alert noise.","06_mlops_systems",""
"06_mlops_systems","ログ（ろぐ）","log<br><b>Example</b>: ログを確認する。 / ろぐをかくにんする。 / Check logs.","ログ","ろぐ","log","ログをみます。","ろぐをみます。","We'll check the logs.","ログをみてげんいんをさがします。","ろぐをみてげんいんをさがします。","We'll check logs to find the cause.","ログをほぞんしてさいげんします。","ろぐをほぞんしてさいげんします。","We'll keep logs for reproduction.","06_mlops_systems",""
"06_mlops_systems","障害（しょうがい）","incident / outage<br><b>Example</b>: 障害の原因を特定する。 / しょうがいのげんいんをとくていする。 / Identify the incident cause.","障害","しょうがい","incident / outage","障害がはっせいしました。","しょうがいがはっせいしました。","An outage occurred.","障害がはっせいしました。","しょうがいがはっせいしました。","An outage occurred.","障害のえいきょうはんいをかくにんします。","しょうがいのえいきょうはんいをかくにんします。","We'll confirm the outage blast radius.","06_mlops_systems",""
"06_mlops_systems","対応（たいおう）","response / handling<br><b>Example</b>: すぐに対応する。 / すぐにたいおうする。 / Respond immediately.","対応","たいおう","response / handling","すぐに対応します。","すぐにたいおうします。","We'll respond immediately.","対応のゆうせんどをきめます。","たいおうのゆうせんどをきめます。","We'll prioritize the response.","対応がしゅうりょうしたらふりかえります。","たいおうがしゅうりょうしたらふりかえります。","After the response we'll do a retrospective.","06_mlops_systems",""
"06_mlops_systems","影響範囲（えいきょうはんい）","impact scope / blast radius<br><b>Example</b>: 影響範囲を確認する。 / えいきょうはんいをかくにんする。 / Check impact scope.","影響範囲","えいきょうはんい","impact scope / blast radius","影響範囲をしらべます。","えいきょうはんいをしらべます。","We'll investigate the blast radius.","影響範囲をしらべます。","えいきょうはんいをしらべます。","We'll investigate the impact scope.","影響範囲をきろくします。","えいきょうはんいをきろくします。","We'll document the blast radius.","06_mlops_systems",""
"06_mlops_systems","再現（さいげん）","reproduce<br><b>Example</b>: バグを再現できた。 / ばぐをさいげんできた。 / Reproduced the bug.","再現","さいげん","reproduce","ばぐを再現します。","ばぐをさいげんします。","We'll reproduce the bug.","ばぐを再現します。","ばぐをさいげんします。","We'll reproduce the bug.","再現のすてっぷをのこします。","さいげんのすてっぷをのこします。","We'll write down repro steps.","06_mlops_systems",""
"06_mlops_systems","切り分け（きりわけ）","triage / isolate<br><b>Example</b>: 原因を切り分ける。 / げんいんをきりわける。 / Isolate the root cause.","切り分け","きりわけ","triage / isolate","まず切り分けをします。","まずきりわけをします。","First, we'll triage.","切り分けでげんいんをしぼります。","きりわけでげんいんをしぼります。","Triage narrows down the cause.","切り分けのけっかをきょうゆうします。","きりわけのけっかをきょうゆうします。","We'll share the triage results.","06_mlops_systems",""
"06_mlops_systems","GPU（じーぴーゆー）","GPU<br><b>Example</b>: GPUで学習を高速化する。 / じーぴーゆーでがくしゅうをこうそくかする。 / Speed up training with GPUs.","GPU","じーぴーゆー","GPU","GPUがたりません。","じーぴーゆーがたりません。","We don't have enough GPUs.","GPUがたりません。","じーぴーゆーがたりません。","We don't have enough GPUs.","GPUをわりあてます。","じーぴーゆーをわりあてます。","We'll allocate GPUs.","06_mlops_systems",""
"06_mlops_systems","API（えーぴーあい）","API<br><b>Example</b>: 推論APIを公開する。 / すいろんえーぴーあいをこうかいする。 / Expose an inference API.","API","えーぴーあい","API","APIをこうかいします。","えーぴーあいをこうかいします。","We'll publish an API.","APIをこうかいします。","えーぴーあいをこうかいします。","We'll publish an API.","APIのれいてんしをはかります。","えーぴーあいのれいてんしをはかります。","We'll measure API latency.","06_mlops_systems",""
"07_project_communication","要件（ようけん）","requirements<br><b>Example</b>: 要件を整理する。 / ようけんをせいりする。 / Organize requirements.","要件","ようけん","requirements","要件をかくにんします。","ようけんをかくにんします。","We'll confirm the requirements.","要件をかくにんします。","ようけんをかくにんします。","We'll confirm the requirements.","要件をぶんしょかします。","ようけんをぶんしょかします。","We'll document the requirements.","07_project_communication",""
"07_project_communication","仕様（しよう）","specification<br><b>Example</b>: 仕様を確認する。 / しようをかくにんする。 / Confirm the spec.","仕様","しよう","specification","仕様をきめます。","しようをきめます。","We'll finalize the specification.","仕様をきめます。","しようをきめます。","We'll finalize the specification.","仕様のへんこうをきろくします。","しようのへんこうをきろくします。","We'll record spec changes.","07_project_communication",""
"07_project_communication","スコープ（すこーぷ）","scope<br><b>Example</b>: スコープを明確にする。 / すこーぷをめいかくにする。 / Clarify scope.","スコープ","すこーぷ","scope","スコープをしぼります。","すこーぷをしぼります。","We'll narrow the scope.","スコープをしぼります。","すこーぷをしぼります。","We'll narrow the scope.","スコープがひろがらないようにします。","すこーぷがひろがらないようにします。","We'll prevent scope creep.","07_project_communication",""
"07_project_communication","期限（きげん）","deadline<br><b>Example</b>: 期限までに出す。 / きげんまでにだす。 / Deliver by the deadline.","期限","きげん","deadline","期限までにおわらせます。","きげんまでにおわらせます。","We'll finish by the deadline.","期限をまもります。","きげんをまもります。","We'll meet the deadline.","期限までにおわるかかくにんします。","きげんまでにおわるかかくにんします。","We'll check if we can finish by the deadline.","07_project_communication",""
"07_project_communication","優先度（ゆうせんど）","priority<br><b>Example</b>: 優先度を上げる。 / ゆうせんどをあげる。 / Raise priority.","優先度","ゆうせんど","priority","優先度をつけます。","ゆうせんどをつけます。","We'll set priorities.","優先度をつけます。","ゆうせんどをつけます。","We'll set priorities.","優先度がたかいものからやります。","ゆうせんどがたかいものからやります。","We'll start with the highest priority.","07_project_communication",""
"07_project_communication","見積もり（みつもり）","estimate<br><b>Example</b>: 工数を見積もる。 / こうすうをみつもる。 / Estimate effort.","見積もり","みつもり","estimate","見積もりをだします。","みつもりをだします。","We'll provide an estimate.","見積もりをだします。","みつもりをだします。","We'll provide an estimate.","見積もりをみなおします。","みつもりをみなおします。","We'll revisit the estimate.","07_project_communication",""
"07_project_communication","進捗（しんちょく）","progress<br><b>Example</b>: 進捗を共有する。 / しんちょくをきょうゆうする。 / Share progress.","進捗","しんちょく","progress","進捗をきょうゆうします。","しんちょくをきょうゆうします。","We'll share progress.","進捗をきょうゆうします。","しんちょくをきょうゆうします。","We'll share progress.","進捗がおくれています。","しんちょくがおくれています。","Progress is behind.","07_project_communication",""
"07_project_communication","課題（かだい）","issue / challenge<br><b>Example</b>: 課題を洗い出す。 / かだいをあらいだす。 / List the issues.","課題","かだい","issue / challenge","課題をりすとにします。","かだいをりすとにします。","We'll list the issues.","課題をりすとあっぷします。","かだいをりすとあっぷします。","We'll list the issues.","課題のたいおうほうほうをきめます。","かだいのたいおうほうほうをきめます。","We'll decide how to address the issue.","07_project_communication",""
"07_project_communication","方針（ほうしん）","policy / approach<br><b>Example</b>: 方針を決める。 / ほうしんをきめる。 / Decide the approach.","方針","ほうしん","policy / approach","方針をきめます。","ほうしんをきめます。","We'll decide the approach.","方針をきめます。","ほうしんをきめます。","We'll decide the approach.","方針をぶれずにすすめます。","ほうしんをぶれずにすすめます。","We'll proceed consistently with the approach.","07_project_communication",""
"07_project_communication","合意（ごうい）","agreement / alignment<br><b>Example</b>: 関係者と合意する。 / かんけいしゃとごういする。 / Align with stakeholders.","合意","ごうい","agreement / alignment","合意をとります。","ごういをとります。","We'll get alignment.","合意をとります。","ごういをとります。","We'll get alignment.","合意できたらすすめます。","ごういできたらすすめます。","Once we agree we'll move forward.","07_project_communication",""
"08_cv_vision","画像処理（がぞうしょり）","image processing<br><b>Example</b>: 画像処理のパイプラインを作る。 / がぞうしょりのぱいぷらいんをつくる。 / Build an image-processing pipeline.","画像処理","がぞうしょり","image processing","画像処理でのいずをへらします。","がぞうしょりでのいずをへらします。","Image processing reduces noise.","画像処理でのいずをへらします。","がぞうしょりでのいずをへらします。","Image processing reduces noise.","画像処理のぱいぷらいんをくみます。","がぞうしょりのぱいぷらいんをくみます。","We'll build an image-processing pipeline.","08_cv_vision",""
"08_cv_vision","画像認識（がぞうにんしき）","image recognition<br><b>Example</b>: 画像認識モデルを評価する。 / がぞうにんしきもでるをひょうかする。 / Evaluate an image recognition model.","画像認識","がぞうにんしき","image recognition","画像認識でらべるをよそくします。","がぞうにんしきでらべるをよそくします。","Image recognition predicts labels.","画像認識でらべるをよそくします。","がぞうにんしきでらべるをよそくします。","Image recognition predicts labels.","画像認識のせいどをひょうかします。","がぞうにんしきのせいどをひょうかします。","We'll evaluate image-recognition accuracy.","08_cv_vision",""
"08_cv_vision","物体検出（ぶったいけんしゅつ）","object detection<br><b>Example</b>: 物体検出の精度を改善する。 / ぶったいけんしゅつのせいどをかいぜんする。 / Improve detection accuracy.","物体検出","ぶったいけんしゅつ","object detection","物体検出でひとをみつけます。","ぶったいけんしゅつでひとをみつけます。","Object detection finds people.","物体検出でひとをみつけます。","ぶったいけんしゅつでひとをみつけます。","Object detection finds people.","物体検出のしきいちをちょうせいします。","ぶったいけんしゅつのしきいちをちょうせいします。","We'll tune the detection threshold.","08_cv_vision",""
"08_cv_vision","セグメンテーション（せぐめんてーしょん）","segmentation<br><b>Example</b>: セグメンテーションを導入する。 / せぐめんてーしょんをどうにゅうする。 / Introduce segmentation.","セグメンテーション","せぐめんてーしょん","segmentation","セグメンテーションでりょういきをわけます。","せぐめんてーしょんでりょういきをわけます。","Segmentation separates regions.","セグメンテーションでりょういきをぬりわけます。","せぐめんてーしょんでりょういきをぬりわけます。","Segmentation separates regions.","セグメンテーションのまくすくをかくにんします。","せぐめんてーしょんのまくすくをかくにんします。","We'll check the segmentation mask.","08_cv_vision",""
"08_cv_vision","インスタンス分割（いんすたんすぶんかつ）","instance segmentation<br><b>Example</b>: インスタンス分割で個体を分ける。 / いんすたんすぶんかつでこたいをわける。 / Separate instances with instance segmentation.","インスタンス分割","いんすたんすぶんかつ","instance segmentation","インスタンス分割でこたいごとにわけます。","いんすたんすぶんかつでこたいごとにわけます。","Instance segmentation separates each object.","インスタンス分割でこたいごとにわけます。","いんすたんすぶんかつでこたいごとにわけます。","Instance segmentation separates each object.","インスタンス分割のけっかをかくにんします。","いんすたんすぶんかつのけっかをかくにんします。","We'll review the instance-segmentation results.","08_cv_vision",""
"08_cv_vision","画像分類（がぞうぶんるい）","image classification<br><b>Example</b>: 画像分類のベースラインを作る。 / がぞうぶんるいのべーすらいんをつくる。 / Build an image classification baseline.","画像分類","がぞうぶんるい","image classification","画像分類でくらすをえらびます。","がぞうぶんるいでくらすをえらびます。","Image classification chooses a class.","画像分類でかてごりをえらびます。","がぞうぶんるいでかてごりをえらびます。","Image classification chooses a category.","画像分類のくらすをふやします。","がぞうぶんるいのくらすをふやします。","We'll increase classes for image classification.","08_cv_vision",""
"08_cv_vision","アノテーション（あのてーしょん）","annotation<br><b>Example</b>: データをアノテーションする。 / でーたをあのてーしょんする。 / Annotate the data.","アノテーション","あのてーしょん","annotation","アノテーションをつけます。","あのてーしょんをつけます。","We'll add annotations.","アノテーションをつけます。","あのてーしょんをつけます。","We'll add annotations.","アノテーションのしつをかくにんします。","あのてーしょんのしつをかくにんします。","We'll check annotation quality.","08_cv_vision",""
"08_cv_vision","バウンディングボックス（ばうんでぃんぐぼっくす）","bounding box<br><b>Example</b>: バウンディングボックスを修正する。 / ばうんでぃんぐぼっくすをしゅうせいする。 / Fix the bounding boxes.","バウンディングボックス","ばうんでぃんぐぼっくす","bounding box","バウンディングボックスをひきます。","ばうんでぃんぐぼっくすをひきます。","We'll draw bounding boxes.","バウンディングボックスをひきます。","ばうんでぃんぐぼっくすをひきます。","We'll draw bounding boxes.","バウンディングボックスがずれていないかみます。","ばうんでぃんぐぼっくすがずれていないかみます。","We'll check bounding boxes aren't shifted.","08_cv_vision",""
"08_cv_vision","IoU（あいおーゆー）","intersection over union (IoU)<br><b>Example</b>: IoUの閾値を上げる。 / あいおーゆーのしきいちをあげる。 / Raise the IoU threshold.","IoU","あいおーゆー","intersection over union (IoU)","IoUをけいさんします。","あいおーゆーをけいさんします。","We'll compute IoU.","IoUをけいさんします。","あいおーゆーをけいさんします。","We'll compute IoU.","IoUがひくいりゆうをしらべます。","あいおーゆーがひくいりゆうをしらべます。","We'll investigate low IoU.","08_cv_vision",""
"08_cv_vision","mAP（えむえーぴー）","mean average precision (mAP)<br><b>Example</b>: mAPでモデルを比較する。 / えむえーぴーでもでるをひかくする。 / Compare models by mAP.","mAP","えむえーぴー","mean average precision (mAP)","mAPでひょうかします。","えむえーぴーでひょうかします。","We'll evaluate with mAP.","mAPでひょうかします。","えむえーぴーでひょうかします。","We'll evaluate with mAP.","mAPをあげるためにでーたをふやします。","えむえーぴーをあげるためにでーたをふやします。","We'll add more data to improve mAP.","08_cv_vision",""
"08_cv_vision","誤検出（ごけんしゅつ）","false positive detection<br><b>Example</b>: 誤検出が増えた。 / ごけんしゅつがふえた。 / False positives increased.","誤検出","ごけんしゅつ","false positive detection","誤検出がふえています。","ごけんしゅつがふえています。","False positives are increasing.","誤検出がふえています。","ごけんしゅつがふえています。","False positives are increasing.","誤検出をへらすためにしきいちをあげます。","ごけんしゅつをへらすためにしきいちをあげます。","We'll raise the threshold to reduce false positives.","08_cv_vision",""
"08_cv_vision","検出漏れ（けんしゅつもれ）","missed detection / false negative<br><b>Example</b>: 検出漏れを減らす。 / けんしゅつもれをへらす。 / Reduce misses.","検出漏れ","けんしゅつもれ","missed detection / false negative","検出漏れがないかみます。","けんしゅつもれがないかみます。","We'll check for missed detections.","検出漏れがあるかみます。","けんしゅつもれがあるかみます。","We'll check for missed detections.","検出漏れをへらすためにでーたをふやします。","けんしゅつもれをへらすためにでーたをふやします。","We'll add more data to reduce missed detections.","08_cv_vision",""
"08_cv_vision","データ拡張（でーたかくちょう）","data augmentation<br><b>Example</b>: データ拡張で汎化を上げる。 / でーたかくちょうではんかをあげる。 / Improve generalization via augmentation.","データ拡張","でーたかくちょう","data augmentation","データ拡張でばらつきをふやします。","でーたかくちょうでばらつきをふやします。","Data augmentation increases variety.","データ拡張でばらつきをふやします。","でーたかくちょうでばらつきをふやします。","Data augmentation increases variety.","データ拡張をやりすぎないようにします。","でーたかくちょうをやりすぎないようにします。","We'll avoid overdoing augmentation.","08_cv_vision",""
"08_cv_vision","回転（かいてん）","rotation<br><b>Example</b>: 回転の拡張を入れる。 / かいてんのかくちょうをいれる。 / Add rotation augmentation.","回転","かいてん","rotation","回転してでーたをふやします。","かいてんしてでーたをふやします。","We rotate to augment data.","回転してでーたをふやします。","かいてんしてでーたをふやします。","We rotate to augment data.","回転のかくどをかえます。","かいてんのかくどをかえます。","We'll change the rotation angle.","08_cv_vision",""
"08_cv_vision","反転（はんてん）","flip<br><b>Example</b>: 反転で学習する。 / はんてんでがくしゅうする。 / Train with flips.","反転","はんてん","flip","反転してでーたをふやします。","はんてんしてでーたをふやします。","We flip to augment data.","反転してでーたをふやします。","はんてんしてでーたをふやします。","We flip to augment data.","反転がゆうこうかかくにんします。","はんてんがゆうこうかかくにんします。","We'll check if flipping helps.","08_cv_vision",""
"08_cv_vision","切り出し（きりだし）","cropping<br><b>Example</b>: 切り出しサイズを変える。 / きりだしさいずをかえる。 / Change crop size.","切り出し","きりだし","cropping","切り出しでひつようなぶぶんだけつかいます。","きりだしでひつようなぶぶんだけつかいます。","Cropping keeps only the needed part.","切り出しでひつようなぶぶんだけつかいます。","きりだしでひつようなぶぶんだけつかいます。","Cropping uses only the needed part.","切り出しのさいずをちょうせいします。","きりだしのさいずをちょうせいします。","We'll tune the crop size.","08_cv_vision",""
"08_cv_vision","解像度（かいぞうど）","resolution<br><b>Example</b>: 解像度を下げて高速化する。 / かいぞうどをさげてこうそくかする。 / Lower resolution to speed up.","解像度","かいぞうど","resolution","解像度をそろえます。","かいぞうどをそろえます。","We'll keep the resolution consistent.","解像度をさげるとすぴーどがあがります。","かいぞうどをさげるとすぴーどがあがります。","Lower resolution speeds things up.","解像度をそろえます。","かいぞうどをそろえます。","We'll make the resolution consistent.","08_cv_vision",""
"08_cv_vision","リサイズ（りさいず）","resize<br><b>Example</b>: 入力画像をリサイズする。 / にゅうりょくがぞうをりさいずする。 / Resize the input image.","リサイズ","りさいず","resize","リサイズしておおきさをそろえます。","りさいずしておおきさをそろえます。","We resize to match sizes.","リサイズしておおきさをそろえます。","りさいずしておおきさをそろえます。","We resize to match sizes.","リサイズのほうほうをかえます。","りさいずのほうほうをかえます。","We'll change the resize method.","08_cv_vision",""
"08_cv_vision","ノイズ（のいず）","noise<br><b>Example</b>: ノイズに強いモデルにする。 / のいずにつよいもでるにする。 / Make the model robust to noise.","ノイズ","のいず","noise","ノイズがおおいです。","のいずがおおいです。","There's a lot of noise.","ノイズがおおいです。","のいずがおおいです。","There's a lot of noise.","ノイズをへらすふぃるたをかけます。","のいずをへらすふぃるたをかけます。","We'll apply a filter to reduce noise.","08_cv_vision",""
"08_cv_vision","ぼかし（ぼかし）","blur<br><b>Example</b>: ぼかしの影響を確認する。 / ぼかしのえいきょうをかくにんする。 / Check blur impact.","ぼかし","ぼかし","blur","ぼかしをかけます。","ぼかしをかけます。","We'll apply blur.","ぼかしでのいずをへらします。","ぼかしでのいずをへらします。","Blur can reduce noise.","ぼかしのつよさをちょうせいします。","ぼかしのつよさをちょうせいします。","We'll tune the blur strength.","08_cv_vision",""
"08_cv_vision","レンズ歪み（れんずゆがみ）","lens distortion<br><b>Example</b>: レンズ歪みを補正する。 / れんずゆがみをほせいする。 / Correct lens distortion.","レンズ歪み","れんずゆがみ","lens distortion","レンズ歪みをほせいします。","れんずゆがみをほせいします。","We correct lens distortion.","レンズ歪みをほせいします。","れんずゆがみをほせいします。","We correct lens distortion.","レンズ歪みがあるがぞうをのぞきます。","れんずゆがみがあるがぞうをのぞきます。","We'll filter out images with lens distortion.","08_cv_vision",""
"08_cv_vision","キャリブレーション（きゃりぶれーしょん）","calibration<br><b>Example</b>: カメラをキャリブレーションする。 / かめらをきゃりぶれーしょんする。 / Calibrate the camera.","キャリブレーション","きゃりぶれーしょん","calibration","キャリブレーションでかめらをあわせます。","きゃりぶれーしょんでかめらをあわせます。","Calibration aligns the camera.","キャリブレーションでかめらをあわせます。","きゃりぶれーしょんでかめらをあわせます。","Calibration aligns the camera.","キャリブレーションのぱらめーたをほぞんします。","きゃりぶれーしょんのぱらめーたをほぞんします。","We'll save calibration parameters.","08_cv_vision",""
"08_cv_vision","追跡（ついせき）","tracking<br><b>Example</b>: 物体を追跡する。 / ぶったいをついせきする。 / Track objects.","追跡","ついせき","tracking","追跡でうごきをおいます。","ついせきでうごきをおいます。","Tracking follows motion.","追跡でうごきをおいます。","ついせきでうごきをおいます。","Tracking follows motion.","追跡がとぎれないようにします。","ついせきがとぎれないようにします。","We'll prevent tracking from breaking.","08_cv_vision",""
"08_cv_vision","深度推定（しんどすいてい）","depth estimation<br><b>Example</b>: 深度推定の誤差を見る。 / しんどすいていのごさをみる。 / Check depth error.","深度推定","しんどすいてい","depth estimation","深度推定でおくゆきをだします。","しんどすいていでおくゆきをだします。","Depth estimation outputs depth.","深度推定でおくゆきをだします。","しんどすいていでおくゆきをだします。","Depth estimation outputs depth.","深度推定のごさをひょうかします。","しんどすいていのごさをひょうかします。","We'll evaluate depth-estimation error.","08_cv_vision",""
"08_cv_vision","特徴点（とくちょうてん）","keypoints / features<br><b>Example</b>: 特徴点を抽出する。 / とくちょうてんをちゅうしゅつする。 / Extract keypoints.","特徴点","とくちょうてん","keypoints / features","特徴点をけんしゅつします。","とくちょうてんをけんしゅつします。","We'll detect keypoints.","特徴点をけんしゅつします。","とくちょうてんをけんしゅつします。","We'll detect keypoints.","特徴点をまっちさせます。","とくちょうてんをまっちさせます。","We'll match keypoints.","08_cv_vision",""
"08_cv_vision","マッチング（まっちんぐ）","matching<br><b>Example</b>: 特徴点をマッチングする。 / とくちょうてんをまっちんぐする。 / Match keypoints.","マッチング","まっちんぐ","matching","マッチングでにたものをみつけます。","まっちんぐでにたものをみつけます。","Matching finds correspondences.","マッチングでにたものをみつけます。","まっちんぐでにたものをみつけます。","Matching finds correspondences.","マッチングのせいどをあげます。","まっちんぐのせいどをあげます。","We'll improve matching accuracy.","08_cv_vision",""
"09_recommender_systems","推薦（すいせん）","recommendation<br><b>Example</b>: 商品を推薦する。 / しょうひんをすいせんする。 / Recommend products.","推薦","すいせん","recommendation","推薦をぱーそならいずします。","すいせんをぱーそならいずします。","We'll personalize recommendations.","推薦をぱーそならいずします。","すいせんをぱーそならいずします。","We'll personalize recommendations.","推薦のりゆうをせつめいします。","すいせんのりゆうをせつめいします。","We'll explain why it was recommended.","09_recommender_systems",""
"09_recommender_systems","レコメンド（れこめんど）","recommender (loanword)<br><b>Example</b>: レコメンドのCTRを上げる。 / れこめんどのしーてぃーあーるをあげる。 / Increase recommender CTR.","レコメンド","れこめんど","recommender (loanword)","レコメンドをあっぷでーとします。","れこめんどをあっぷでーとします。","We'll update the recommender.","レコメンドのけっかをくらべます。","れこめんどのけっかをくらべます。","We'll compare recommender results.","レコメンドをあっぷでーとします。","れこめんどをあっぷでーとします。","We'll update the recommender.","09_recommender_systems",""
"09_recommender_systems","ランキング（らんきんぐ）","ranking<br><b>Example</b>: ランキングを再計算する。 / らんきんぐをさいけいさんする。 / Recompute rankings.","ランキング","らんきんぐ","ranking","ランキングをさいけいさんします。","らんきんぐをさいけいさんします。","We'll recompute the ranking.","ランキングをさいけいさんします。","らんきんぐをさいけいさんします。","We'll recompute the ranking.","ランキングのるーるをみなおします。","らんきんぐのるーるをみなおします。","We'll review ranking rules.","09_recommender_systems",""
"09_recommender_systems","検索（けんさく）","search<br><b>Example</b>: 検索結果を改善する。 / けんさくけっかをかいぜんする。 / Improve search results.","検索","けんさく","search","検索のれいてんしをはかります。","けんさくのれいてんしをはかります。","We'll measure search latency.","検索のれいてんしをはかります。","けんさくのれいてんしをはかります。","We'll measure search latency.","検索のくえりをぶんせきします。","けんさくのくえりをぶんせきします。","We'll analyze search queries.","09_recommender_systems",""
"09_recommender_systems","クエリ（くえり）","query<br><b>Example</b>: クエリを正規化する。 / くえりをせいきかする。 / Normalize the query.","クエリ","くえり","query","クエリをぶんせきします。","くえりをぶんせきします。","We'll analyze the query.","クエリをきれいにします。","くえりをきれいにします。","We'll clean up the query.","クエリがながすぎます。","くえりがながすぎます。","The query is too long.","09_recommender_systems",""
"09_recommender_systems","候補生成（こうほせいせい）","candidate generation<br><b>Example</b>: 候補生成を高速化する。 / こうほせいせいをこうそくかする。 / Speed up candidate generation.","候補生成","こうほせいせい","candidate generation","候補生成でこうほをふやします。","こうほせいせいでこうほをふやします。","Candidate generation increases candidates.","候補生成でこうほをふやします。","こうほせいせいでこうほをふやします。","Candidate generation increases candidates.","候補生成をはやくします。","こうほせいせいをはやくします。","We'll speed up candidate generation.","09_recommender_systems",""
"09_recommender_systems","再ランキング（さいらんきんぐ）","re-ranking<br><b>Example</b>: 再ランキングで精度を上げる。 / さいらんきんぐでせいどをあげる。 / Improve quality with reranking.","再ランキング","さいらんきんぐ","re-ranking","再ランキングでじゅんばんをなおします。","さいらんきんぐでじゅんばんをなおします。","Re-ranking fixes the order.","再ランキングでじゅんばんをなおします。","さいらんきんぐでじゅんばんをなおします。","Re-ranking fixes the order.","再ランキングのもでるをかえます。","さいらんきんぐのもでるをかえます。","We'll change the re-ranking model.","09_recommender_systems",""
"09_recommender_systems","クリック率（くりっくりつ）","click-through rate (CTR)<br><b>Example</b>: クリック率が下がった。 / くりっくりつがさがった。 / CTR dropped.","クリック率","くりっくりつ","click-through rate (CTR)","クリック率をあげたいです。","くりっくりつをあげたいです。","We want higher CTR.","クリック率をあげたいです。","くりっくりつをあげたいです。","We want higher CTR.","クリック率がさがりました。","くりっくりつがさがりました。","CTR dropped.","09_recommender_systems",""
"09_recommender_systems","コンバージョン（こんばーじょん）","conversion<br><b>Example</b>: コンバージョンを増やす。 / こんばーじょんをふやす。 / Increase conversions.","コンバージョン","こんばーじょん","conversion","コンバージョンをはかります。","こんばーじょんをはかります。","We'll measure conversions.","コンバージョンをはかります。","こんばーじょんをはかります。","We'll measure conversions.","コンバージョンがふえました。","こんばーじょんがふえました。","Conversions increased.","09_recommender_systems",""
"09_recommender_systems","購入率（こうにゅうりつ）","purchase rate<br><b>Example</b>: 購入率を指標にする。 / こうにゅうりつをしひょうにする。 / Use purchase rate as a metric.","購入率","こうにゅうりつ","purchase rate","購入率をあげます。","こうにゅうりつをあげます。","We'll increase purchase rate.","購入率をあげます。","こうにゅうりつをあげます。","We'll increase purchase rate.","購入率がさがったりゆうをみます。","こうにゅうりつがさがったりゆうをみます。","We'll investigate why purchase rate dropped.","09_recommender_systems",""
"09_recommender_systems","滞在時間（たいざいじかん）","dwell time<br><b>Example</b>: 滞在時間が伸びた。 / たいざいじかんがのびた。 / Dwell time increased.","滞在時間","たいざいじかん","dwell time","滞在時間をのばします。","たいざいじかんをのばします。","We'll increase dwell time.","滞在時間をのばします。","たいざいじかんをのばします。","We'll increase dwell time.","滞在時間をしひょうにします。","たいざいじかんをしひょうにします。","We'll use dwell time as a metric.","09_recommender_systems",""
"09_recommender_systems","エンゲージメント（えんげーじめんと）","engagement<br><b>Example</b>: エンゲージメントが改善した。 / えんげーじめんとがかいぜんした。 / Engagement improved.","エンゲージメント","えんげーじめんと","engagement","エンゲージメントをふやします。","えんげーじめんとをふやします。","We'll increase engagement.","エンゲージメントをふやします。","えんげーじめんとをふやします。","We'll increase engagement.","エンゲージメントをしひょうとしてみます。","えんげーじめんとをしひょうとしてみます。","We'll try engagement as a metric.","09_recommender_systems",""
"09_recommender_systems","暗黙フィードバック（あんもくふぃーどばっく）","implicit feedback<br><b>Example</b>: 暗黙フィードバックを使う。 / あんもくふぃーどばっくをつかう。 / Use implicit feedback.","暗黙フィードバック","あんもくふぃーどばっく","implicit feedback","暗黙フィードバックをつかいます。","あんもくふぃーどばっくをつかいます。","We'll use implicit feedback.","暗黙フィードバックをつかいます。","あんもくふぃーどばっくをつかいます。","We'll use implicit feedback.","暗黙フィードバックだけにたよりません。","あんもくふぃーどばっくだけにたよりません。","We won't rely only on implicit feedback.","09_recommender_systems",""
"09_recommender_systems","明示フィードバック（めいじふぃーどばっく）","explicit feedback<br><b>Example</b>: 評価を明示フィードバックとして使う。 / ひょうかをめいじふぃーどばっくとしてつかう。 / Use ratings as explicit feedback.","明示フィードバック","めいじふぃーどばっく","explicit feedback","明示フィードバックをあつめます。","めいじふぃーどばっくをあつめます。","We'll collect explicit feedback.","明示フィードバックをあつめます。","めいじふぃーどばっくをあつめます。","We'll collect explicit feedback.","明示フィードバックはすくないです。","めいじふぃーどばっくはすくないです。","Explicit feedback is scarce.","09_recommender_systems",""
"09_recommender_systems","協調フィルタリング（きょうちょうふぃるたりんぐ）","collaborative filtering<br><b>Example</b>: 協調フィルタリングを試す。 / きょうちょうふぃるたりんぐをためす。 / Try collaborative filtering.","協調フィルタリング","きょうちょうふぃるたりんぐ","collaborative filtering","協調フィルタリングをつかいます。","きょうちょうふぃるたりんぐをつかいます。","We'll use collaborative filtering.","協調フィルタリングでにたゆーざーをさがします。","きょうちょうふぃるたりんぐでにたゆーざーをさがします。","Collaborative filtering finds similar users.","協調フィルタリングはこーるどすたーとによわいです。","きょうちょうふぃるたりんぐはこーるどすたーとによわいです。","Collaborative filtering is weak for cold start.","09_recommender_systems",""
"09_recommender_systems","行列分解（ぎょうれつぶんかい）","matrix factorization<br><b>Example</b>: 行列分解で潜在因子を学習する。 / ぎょうれつぶんかいでせんざいいんしをがくしゅうする。 / Learn latent factors via MF.","行列分解","ぎょうれつぶんかい","matrix factorization","行列分解でいんしをもとめます。","ぎょうれつぶんかいでいんしをもとめます。","Matrix factorization learns factors.","行列分解でいんしをもとめます。","ぎょうれつぶんかいでいんしをもとめます。","Matrix factorization learns factors.","行列分解のらんくをかえます。","ぎょうれつぶんかいのらんくをかえます。","We'll change the rank in matrix factorization.","09_recommender_systems",""
"09_recommender_systems","潜在因子（せんざいいんし）","latent factors<br><b>Example</b>: 潜在因子の次元を変える。 / せんざいいんしのじげんをかえる。 / Change latent dimension.","潜在因子","せんざいいんし","latent factors","潜在因子のすうをちょうせいします。","せんざいいんしのすうをちょうせいします。","We'll tune the number of latent factors.","潜在因子をみてりかいします。","せんざいいんしをみてりかいします。","We'll interpret latent factors.","潜在因子のすうをちょうせいします。","せんざいいんしのすうをちょうせいします。","We'll tune the number of latent factors.","09_recommender_systems",""
"09_recommender_systems","コールドスタート（こーるどすたーと）","cold start<br><b>Example</b>: コールドスタート対策が必要。 / こーるどすたーとたいさくがひつよう。 / Need cold-start mitigation.","コールドスタート","こーるどすたーと","cold start","コールドスタートでれこめんどがよわいです。","こーるどすたーとでれこめんどがよわいです。","Cold start hurts recommendations.","コールドスタートでれこめんどがよわいです。","こーるどすたーとでれこめんどがよわいです。","Cold start hurts recommendations.","コールドスタートたいさくをかんがえます。","こーるどすたーとたいさくをかんがえます。","We'll plan cold-start mitigations.","09_recommender_systems",""
"09_recommender_systems","多様性（たようせい）","diversity<br><b>Example</b>: 多様性を確保する。 / たようせいをかくほする。 / Ensure diversity.","多様性","たようせい","diversity","多様性をだします。","たようせいをだします。","We'll increase diversity.","多様性をだしてかたよりをへらします。","たようせいをだしてかたよりをへらします。","Diversity reduces bias.","多様性がたりないとあきます。","たようせいがたりないとあきます。","Lack of diversity gets boring.","09_recommender_systems",""
"09_recommender_systems","公平性（こうへいせい）","fairness<br><b>Example</b>: 公平性の指標を入れる。 / こうへいせいのしひょうをいれる。 / Add fairness metrics.","公平性","こうへいせい","fairness","公平性をかくほします。","こうへいせいをかくほします。","We'll ensure fairness.","公平性をかくほします。","こうへいせいをかくほします。","We'll ensure fairness.","公平性のてすとをします。","こうへいせいのてすとをします。","We'll test fairness.","09_recommender_systems",""
"09_recommender_systems","オフライン評価（おふらいんひょうか）","offline evaluation<br><b>Example</b>: オフライン評価を先に行う。 / おふらいんひょうかをさきにおこなう。 / Do offline eval first.","オフライン評価","おふらいんひょうか","offline evaluation","オフライン評価でさきにためします。","おふらいんひょうかでさきにためします。","We'll test offline first.","オフライン評価でさきにためします。","おふらいんひょうかでさきにためします。","We'll test offline first.","オフライン評価とおんらいんひょうかをくらべます。","おふらいんひょうかとおんらいんひょうかをくらべます。","We'll compare offline and online evaluation.","09_recommender_systems",""
"09_recommender_systems","オンライン評価（おんらいんひょうか）","online evaluation<br><b>Example</b>: オンライン評価はA/Bテストで行う。 / おんらいんひょうかはえーびーてすとでおこなう。 / Online eval via A/B test.","オンライン評価","おんらいんひょうか","online evaluation","オンライン評価でえーびーてすとをします。","おんらいんひょうかでえーびーてすとをします。","We'll A/B test online.","オンライン評価でえーびーてすとをします。","おんらいんひょうかでえーびーてすとをします。","We'll A/B test with online evaluation.","オンライン評価はだんかいてきにします。","おんらいんひょうかはだんかいてきにします。","We'll roll out online evaluation gradually.","09_recommender_systems",""
"10_security_privacy","セキュリティ（せきゅりてぃ）","security<br><b>Example</b>: セキュリティ要件を確認する。 / せきゅりてぃようけんをかくにんする。 / Confirm security requirements.","セキュリティ","せきゅりてぃ","security","セキュリティをきょうかします。","せきゅりてぃをきょうかします。","We'll strengthen security.","セキュリティをつよくします。","せきゅりてぃをつよくします。","We'll strengthen security.","セキュリティのりすくをひょうかします。","せきゅりてぃのりすくをひょうかします。","We'll assess security risk.","10_security_privacy",""
"10_security_privacy","脆弱性（ぜいじゃくせい）","vulnerability<br><b>Example</b>: 脆弱性を修正する。 / ぜいじゃくせいをしゅうせいする。 / Fix a vulnerability.","脆弱性","ぜいじゃくせい","vulnerability","脆弱性をなおします。","ぜいじゃくせいをなおします。","We'll fix the vulnerability.","脆弱性がみつかりました。","ぜいじゃくせいがみつかりました。","We found a vulnerability.","脆弱性をしゅうせいします。","ぜいじゃくせいをしゅうせいします。","We'll fix the vulnerability.","10_security_privacy",""
"10_security_privacy","攻撃（こうげき）","attack<br><b>Example</b>: 攻撃を想定して設計する。 / こうげきをそうていしてせっけいする。 / Design with attacks in mind.","攻撃","こうげき","attack","攻撃をうけました。","こうげきをうけました。","We were attacked.","攻撃をうけました。","こうげきをうけました。","We were attacked.","攻撃をふせぐたいさくをうちます。","こうげきをふせぐたいさくをうちます。","We'll put mitigations in place to prevent attacks.","10_security_privacy",""
"10_security_privacy","侵入（しんにゅう）","intrusion<br><b>Example</b>: 不正侵入を検知する。 / ふせいしんにゅうをけんちする。 / Detect unauthorized intrusion.","侵入","しんにゅう","intrusion","しすてむに侵入されました。","しすてむにしんにゅうされました。","Someone intruded into the system.","しすてむに侵入されました。","しすてむにしんにゅうされました。","Someone intruded into the system.","侵入をけんちするためにかんしします。","しんにゅうをけんちするためにかんしします。","We'll monitor to detect intrusions.","10_security_privacy",""
"10_security_privacy","不正アクセス（ふせいあくせす）","unauthorized access<br><b>Example</b>: 不正アクセスを防ぐ。 / ふせいあくせすをふせぐ。 / Prevent unauthorized access.","不正アクセス","ふせいあくせす","unauthorized access","不正アクセスがありました。","ふせいあくせすがありました。","There was unauthorized access.","不正アクセスがありました。","ふせいあくせすがありました。","There was unauthorized access.","不正アクセスのろぐをかくにんします。","ふせいあくせすのろぐをかくにんします。","We'll review logs for unauthorized access.","10_security_privacy",""
"10_security_privacy","認証（にんしょう）","authentication<br><b>Example</b>: 認証を強化する。 / にんしょうをきょうかする。 / Strengthen authentication.","認証","にんしょう","authentication","認証をつよくします。","にんしょうをつよくします。","We'll strengthen authentication.","認証をみなおします。","にんしょうをみなおします。","We'll review authentication.","認証をつよくするために2だんかいにします。","にんしょうをつよくするために2だんかいにします。","We'll add two-step authentication.","10_security_privacy",""
"10_security_privacy","認可（にんか）","authorization<br><b>Example</b>: 認可の設定を見直す。 / にんかのせっていをみなおす。 / Review authorization settings.","認可","にんか","authorization","認可をみなおします。","にんかをみなおします。","We'll review authorization.","認可のるーるをみなおします。","にんかのるーるをみなおします。","We'll review authorization rules.","認可がただしいかてすとします。","にんかがただしいかてすとします。","We'll test authorization.","10_security_privacy",""
"10_security_privacy","アクセス制御（あくせすせいぎょ）","access control<br><b>Example</b>: アクセス制御を適用する。 / あくせすせいぎょをてきようする。 / Apply access control.","アクセス制御","あくせすせいぎょ","access control","アクセス制御をせっていします。","あくせすせいぎょをせっていします。","We'll configure access control.","アクセス制御をせっていします。","あくせすせいぎょをせっていします。","We'll configure access control.","アクセス制御をしぼってりすくをへらします。","あくせすせいぎょをしぼってりすくをへらします。","We'll tighten access control to reduce risk.","10_security_privacy",""
"10_security_privacy","権限（けんげん）","permissions / privilege<br><b>Example</b>: 権限を最小化する。 / けんげんをさいしょうかする。 / Minimize privileges.","権限","けんげん","permissions / privilege","権限をしぼります。","けんげんをしぼります。","We'll reduce privileges.","権限をしぼります。","けんげんをしぼります。","We'll reduce privileges.","権限をひとつずつかくにんします。","けんげんをひとつずつかくにんします。","We'll review privileges one by one.","10_security_privacy",""
"10_security_privacy","最小権限（さいしょうけんげん）","least privilege<br><b>Example</b>: 最小権限で運用する。 / さいしょうけんげんでうんようする。 / Operate with least privilege.","最小権限","さいしょうけんげん","least privilege","最小権限をまもります。","さいしょうけんげんをまもります。","We'll follow least privilege.","最小権限をまもります。","さいしょうけんげんをまもります。","We'll follow least privilege.","最小権限ででふぉるとをせっていします。","さいしょうけんげんででふぉるとをせっていします。","We'll set least-privilege defaults.","10_security_privacy",""
"10_security_privacy","暗号化（あんごうか）","encryption<br><b>Example</b>: 通信を暗号化する。 / つうしんをあんごうかする。 / Encrypt communication.","暗号化","あんごうか","encryption","でーたを暗号化します。","でーたをあんごうかします。","We'll encrypt the data.","でーたを暗号化してほぞんします。","でーたをあんごうかしてほぞんします。","We'll store the data encrypted.","つうしんも暗号化します。","つうしんもあんごうかします。","We'll encrypt the traffic too.","10_security_privacy",""
"10_security_privacy","復号（ふくごう）","decryption<br><b>Example</b>: 復号鍵を安全に管理する。 / ふくごうかぎをあんぜんにかんりする。 / Manage decryption keys safely.","復号","ふくごう","decryption","ひつようなときだけ復号します。","ひつようなときだけふくごうします。","We'll decrypt only when needed.","ひつようなときだけ復号します。","ひつようなときだけふくごうします。","We'll decrypt only when needed.","復号のけんげんをしぼります。","ふくごうのけんげんをしぼります。","We'll restrict decryption permissions.","10_security_privacy",""
"10_security_privacy","鍵管理（かぎかんり）","key management<br><b>Example</b>: 鍵管理の手順を整備する。 / かぎかんりのてじゅんをせいびする。 / Establish key-management procedures.","鍵管理","かぎかんり","key management","鍵管理をみなおします。","かぎかんりをみなおします。","We'll review key management.","鍵管理をいっしょにみなおしましょう。","かぎかんりをいっしょにみなおしましょう。","Let's review key management together.","鍵管理のろーてーしょんをします。","かぎかんりのろーてーしょんをします。","We'll rotate keys.","10_security_privacy",""
"10_security_privacy","監査（かんさ）","audit<br><b>Example</b>: 監査ログを残す。 / かんさろぐをのこす。 / Keep audit logs.","監査","かんさ","audit","監査のじゅんびをします。","かんさのじゅんびをします。","We'll prepare for the audit.","監査のじゅんびをします。","かんさのじゅんびをします。","We'll prepare for the audit.","監査でしつもんにこたえます。","かんさでしつもんにこたえます。","We'll answer questions in the audit.","10_security_privacy",""
"10_security_privacy","監査ログ（かんさろぐ）","audit log<br><b>Example</b>: 監査ログを確認する。 / かんさろぐをかくにんする。 / Review audit logs.","監査ログ","かんさろぐ","audit log","監査ログをのこします。","かんさろぐをのこします。","We'll keep an audit log.","監査ログをのこします。","かんさろぐをのこします。","We'll keep an audit log.","監査ログをながくほぞんします。","かんさろぐをながくほぞんします。","We'll retain audit logs longer.","10_security_privacy",""
"10_security_privacy","個人情報（こじんじょうほう）","personal information<br><b>Example</b>: 個人情報は保存しない。 / こじんじょうほうはほぞんしない。 / Don’t store personal data.","個人情報","こじんじょうほう","personal information","個人情報はあつかいにちゅういします。","こじんじょうほうはあつかいにちゅういします。","Handle personal information carefully.","個人情報はあつかいにちゅういします。","こじんじょうほうはあつかいにちゅういします。","Handle personal information carefully.","個人情報はひつようさいしょうげんにします。","こじんじょうほうはひつようさいしょうげんにします。","We minimize personal data.","10_security_privacy",""
"10_security_privacy","機微情報（きびじょうほう）","sensitive information<br><b>Example</b>: 機微情報をマスキングする。 / きびじょうほうをますきんぐする。 / Mask sensitive info.","機微情報","きびじょうほう","sensitive information","機微情報はべつにほぞんします。","きびじょうほうはべつにほぞんします。","We store sensitive information separately.","機微情報はべつにほぞんします。","きびじょうほうはべつにほぞんします。","We store sensitive information separately.","機微情報はあくせすをせいげんします。","きびじょうほうはあくせすをせいげんします。","We restrict access to sensitive info.","10_security_privacy",""
"10_security_privacy","匿名化（とくめいか）","anonymization<br><b>Example</b>: データを匿名化する。 / でーたをとくめいかする。 / Anonymize the data.","匿名化","とくめいか","anonymization","でーたを匿名化します。","でーたをとくめいかします。","We'll anonymize the data.","でーたを匿名化します。","でーたをとくめいかします。","We'll anonymize the data.","匿名化したでーただけをつかいます。","とくめいかしたでーただけをつかいます。","We'll use only anonymized data.","10_security_privacy",""
"10_security_privacy","仮名化（かなか）","pseudonymization<br><b>Example</b>: IDを仮名化する。 / あいでぃーをかなかする。 / Pseudonymize IDs.","仮名化","かなか","pseudonymization","でーたを仮名化します。","でーたをかなかします。","We'll pseudonymize the data.","でーたを仮名化します。","でーたをかなかします。","We'll pseudonymize the data.","仮名化してももとにもどせます。","かなかしてももとにもどせます。","Pseudonymization can be reversible.","10_security_privacy",""
"10_security_privacy","マスキング（ますきんぐ）","masking / redaction<br><b>Example</b>: ログをマスキングする。 / ろぐをますきんぐする。 / Redact logs.","マスキング","ますきんぐ","masking / redaction","ろぐをマスキングします。","ろぐをますきんぐします。","We'll mask the logs.","がめんではマスキングします。","がめんではますきんぐします。","We'll mask it on screen.","ろぐにもマスキングをいれます。","ろぐにもますきんぐをいれます。","We'll mask it in logs too.","10_security_privacy",""
"10_security_privacy","データ保持（でーたほじ）","data retention<br><b>Example</b>: データ保持期間を決める。 / でーたほじきかんをきめる。 / Set retention period.","データ保持","でーたほじ","data retention","データ保持きかんをきめます。","でーたほじきかんをきめます。","We'll set the data retention period.","データ保持きかんをきめます。","でーたほじきかんをきめます。","We'll set the data retention period.","データ保持はみじかくします。","でーたほじはみじかくします。","We'll keep retention short.","10_security_privacy",""
"10_security_privacy","削除（さくじょ）","deletion<br><b>Example</b>: 要求があれば削除する。 / ようきゅうがあればさくじょする。 / Delete upon request.","削除","さくじょ","deletion","ようきゅうがあれば削除します。","ようきゅうがあればさくじょします。","We'll delete it on request.","ようきゅうがあれば削除します。","ようきゅうがあればさくじょします。","We'll delete it on request.","削除のけっかをろぐにのこします。","さくじょのけっかをろぐにのこします。","We'll log deletions.","10_security_privacy",""
"10_security_privacy","同意（どうい）","consent<br><b>Example</b>: 利用者の同意を取る。 / りようしゃのどういをとる。 / Obtain user consent.","同意","どうい","consent","りようまえに同意をとります。","りようまえにどういをとります。","We'll get consent before use.","りようまえに同意をとります。","りようまえにどういをとります。","We'll get consent before use.","同意のぶんしょうをみなおします。","どういのぶんしょうをみなおします。","We'll review the consent text.","10_security_privacy",""
"10_security_privacy","目的外利用（もくてきがいりよう）","use beyond stated purpose<br><b>Example</b>: 目的外利用を禁止する。 / もくてきがいりようをきんしする。 / Prohibit use beyond stated purpose.","目的外利用","もくてきがいりよう","use beyond stated purpose","目的外利用はしません。","もくてきがいりようはしません。","We won't use it beyond the stated purpose.","目的外利用はしません。","もくてきがいりようはしません。","We won't use it beyond the stated purpose.","目的外利用をふせぐるーるをきめます。","もくてきがいりようをふせぐるーるをきめます。","We'll set rules to prevent misuse.","10_security_privacy",""
"10_security_privacy","インシデント（いんしでんと）","incident<br><b>Example</b>: インシデントを報告する。 / いんしでんとをほうこくする。 / Report an incident.","インシデント","いんしでんと","incident","インシデントがはっせいしました。","いんしでんとがはっせいしました。","An incident occurred.","インシデントがはっせいしました。","いんしでんとがはっせいしました。","An incident occurred.","インシデントたいおうをれんしゅうします。","いんしでんとたいおうをれんしゅうします。","We'll practice incident response.","10_security_privacy",""
"10_security_privacy","対策（たいさく）","mitigation / countermeasure<br><b>Example</b>: 対策を実施する。 / たいさくをじっしする。 / Implement mitigations.","対策","たいさく","mitigation / countermeasure","対策をすぐにうちます。","たいさくをすぐにうちます。","We'll put mitigations in place immediately.","対策をすぐにうちます。","たいさくをすぐにうちます。","We'll put mitigations in place immediately.","対策のゆうせんどをきめます。","たいさくのゆうせんどをきめます。","We'll prioritize mitigations.","10_security_privacy",""
"11_meeting_phrases","共有します（きょうゆうします）","I’ll share<br><b>Example</b>: 資料を共有します。 / しりょうをきょうゆうします。 / I’ll share the materials.","共有します","きょうゆうします","I’ll share","いま共有します。","いまきょうゆうします。","I’ll share now.","すらいどを共有します。","すらいどをきょうゆうします。","I’ll share the slides.","いま共有します。すこしまってください。","いまきょうゆうします。すこしまってください。","I’ll share now. Please wait a moment.","11_meeting_phrases",""
"11_meeting_phrases","確認します（かくにんします）","I’ll check / confirm<br><b>Example</b>: 仕様を確認します。 / しようをかくにんします。 / I’ll confirm the spec.","確認します","かくにんします","I’ll check / confirm","いま確認します。","いまかくにんします。","I’ll check now.","あとで確認します。","あとでかくにんします。","I’ll check after this.","確認します。5ふんください。","かくにんします。5ふんください。","I’ll check. Give me five minutes.","11_meeting_phrases",""
"11_meeting_phrases","相談させてください（そうだんさせてください）","Let me consult / discuss<br><b>Example</b>: この点を相談させてください。 / このてんをそうだんさせてください。 / Let me discuss this point with you.","相談させてください","そうだんさせてください","Let me consult / discuss","このてん、相談させてください。","このてん、そうだんさせてください。","Let me discuss this point.","このてん、相談させてください。","このてん、そうだんさせてください。","Let me discuss this point.","あとで相談させてください。じかんをください。","あとでそうだんさせてください。じかんをください。","Let me discuss it later. Please give me time.","11_meeting_phrases",""
"11_meeting_phrases","念のため（ねんのため）","just in case<br><b>Example</b>: 念のためログを見ます。 / ねんのためろぐをみます。 / I’ll check logs just in case.","念のため","ねんのため","just in case","念のため、かくにんします。","ねんのため、かくにんします。","just in case, I'll double-check.","念のため、ろぐをみます。","ねんのため、ろぐをみます。","just in case, I’ll check the logs.","念のため、すくりーんしょっとをとります。","ねんのため、すくりーんしょっとをとります。","just in case, I’ll take a screenshot.","11_meeting_phrases",""
"11_meeting_phrases","結論から言うと（けつろんからいうと）","to start with the conclusion<br><b>Example</b>: 結論から言うと、延期です。 / けつろんからいうと、えんきです。 / Bottom line: we delay.","結論から言うと","けつろんからいうと","to start with the conclusion","結論から言うと、だいじょうぶです。","けつろんからいうと、だいじょうぶです。","Bottom line, it’s fine.","結論から言うと、だいじょうぶです。","けつろんからいうと、だいじょうぶです。","Bottom line, it’s fine.","結論から言うと、えんきです。","けつろんからいうと、えんきです。","Bottom line, we delay.","11_meeting_phrases",""
"11_meeting_phrases","〜でよろしいでしょうか（〜でよろしいでしょうか）","Would it be okay if…?<br><b>Example</b>: この方針でよろしいでしょうか。 / このほうしんでよろしいでしょうか。 / Is this approach acceptable?","〜でよろしいでしょうか","〜でよろしいでしょうか","Would it be okay if…?","このないようでよろしいでしょうか。","このないようでよろしいでしょうか。","Would this be okay?","このないようでよろしいでしょうか。","このないようでよろしいでしょうか。","Would this be okay?","このすすめかたでよろしいでしょうか。","このすすめかたでよろしいでしょうか。","Is this approach okay?","11_meeting_phrases",""
"11_meeting_phrases","〜という認識です（〜というにんしきです）","My understanding is…<br><b>Example</b>: 現状はこの認識です。 / げんじょうはこのにんしきです。 / That’s my understanding of the current state.","〜という認識です","〜というにんしきです","My understanding is…","このてんはそういうにんしきです。","このてんはそういうにんしきです。","That’s my understanding.","このてんはそういうにんしきです。","このてんはそういうにんしきです。","That’s my understanding.","わたしはそういうにんしきです。","わたしはそういうにんしきです。","That’s how I understand it.","11_meeting_phrases",""
"11_meeting_phrases","認識合わせ（にんしきあわせ）","alignment (on understanding)<br><b>Example</b>: 認識合わせをしたいです。 / にんしきあわせをしたいです。 / I want to align understanding.","認識合わせ","にんしきあわせ","alignment (on understanding)","認識合わせをしましょう。","にんしきあわせをしましょう。","Let’s align our understanding.","認識合わせをしましょう。","にんしきあわせをしましょう。","Let’s align our understanding.","まず認識合わせからはじめます。","まずにんしきあわせからはじめます。","Let’s start with alignment.","11_meeting_phrases",""
"11_meeting_phrases","方向性（ほうこうせい）","direction<br><b>Example</b>: 方向性を決めましょう。 / ほうこうせいをきめましょう。 / Let’s decide the direction.","方向性","ほうこうせい","direction","方向性をきめましょう。","ほうこうせいをきめましょう。","Let’s decide the direction.","方向性をきめます。","ほうこうせいをきめます。","We’ll decide the direction.","方向性があっているかかくにんします。","ほうこうせいがあっているかかくにんします。","We’ll confirm we’re aligned on direction.","11_meeting_phrases",""
"11_meeting_phrases","方針（ほうしん）","approach / policy<br><b>Example</b>: 方針を共有します。 / ほうしんをきょうゆうします。 / I’ll share the approach.","方針","ほうしん","approach / policy","方針をきめましょう。","ほうしんをきめましょう。","Let’s decide the approach.","方針をきめます。","ほうしんをきめます。","We’ll decide the approach.","方針をかえないですすめます。","ほうしんをかえないですすめます。","We’ll proceed without changing the approach.","11_meeting_phrases",""
"11_meeting_phrases","優先度（ゆうせんど）","priority<br><b>Example</b>: 優先度を上げます。 / ゆうせんどをあげます。 / We’ll raise the priority.","優先度","ゆうせんど","priority","優先度をつけます。","ゆうせんどをつけます。","We’ll set the priority.","優先度をつけます。","ゆうせんどをつけます。","We’ll set the priority.","優先度がたかいものからやります。","ゆうせんどがたかいものからやります。","We’ll start with the highest priority.","11_meeting_phrases",""
"11_meeting_phrases","いったん（いったん）","for now / temporarily<br><b>Example</b>: いったんこの案で進めます。 / いったんこのあんですすめます。 / For now, we’ll proceed with this plan.","いったん","いったん","for now / temporarily","いったん、ここでとめます。","いったん、ここでとめます。","For now, let’s stop here.","いったん、ここでとめます。","いったん、ここでとめます。","For now, let’s stop here.","いったん、あとでつづけます。","いったん、あとでつづけます。","For now, we’ll continue later.","11_meeting_phrases",""
"11_meeting_phrases","差し戻し（さしもどし）","send back for rework<br><b>Example</b>: このPRは差し戻しです。 / このぴーあーるはさしもどしです。 / This PR needs rework.","差し戻し","さしもどし","send back for rework","これは差し戻しです。","これはさしもどしです。","This is sent back for rework.","これは差し戻しです。","これはさしもどしです。","This is sent back for rework.","差し戻しのりゆうをおしえてください。","さしもどしのりゆうをおしえてください。","Please tell me why it was sent back.","11_meeting_phrases",""
"11_meeting_phrases","追加で（ついかで）","additionally<br><b>Example</b>: 追加で検証します。 / ついかでけんしょうします。 / We’ll validate additionally.","追加で","ついかで","additionally","追加で、ひとつしつもんです。","ついかで、ひとつしつもんです。","Additionally, one question.","追加で、ひとつしつもんです。","ついかで、ひとつしつもんです。","Additionally, one question.","追加で、めもをおくります。","ついかで、めもをおくります。","Additionally, I’ll send a note.","11_meeting_phrases",""
"11_meeting_phrases","影響ありますか（えいきょうありますか）","Any impact?<br><b>Example</b>: 既存機能に影響ありますか。 / きぞんきのうにえいきょうありますか。 / Any impact on existing features?","影響ありますか","えいきょうありますか","Any impact?","このへんこうで影響ありますか？","このへんこうでえいきょうありますか？","Any impact from this change?","このへんこうで影響ありますか？","このへんこうでえいきょうありますか？","Any impact from this change?","影響ありますか？あるならおしえてください。","えいきょうありますか？あるならおしえてください。","Any impact? If so, let me know.","11_meeting_phrases",""
"11_meeting_phrases","切り分けます（きりわけます）","I’ll isolate / triage<br><b>Example</b>: 原因を切り分けます。 / げんいんをきりわけます。 / I’ll isolate the cause.","切り分けます","きりわけます","I’ll isolate / triage","こちらで切り分けます。","こちらできりわけます。","I’ll triage on my side.","こちらで切り分けます。","こちらできりわけます。","I’ll triage on my side.","切り分けますので、ろぐをください。","きりわけますので、ろぐをください。","I’ll triage, so please share logs.","11_meeting_phrases",""
"11_meeting_phrases","根拠は（こんきょは）","What’s the evidence?<br><b>Example</b>: 根拠は何ですか。 / こんきょはなんですか。 / What’s the evidence?","根拠は","こんきょは","What’s the evidence?","根拠はありますか？","こんきょはありますか？","What’s the evidence?","根拠はありますか？","こんきょはありますか？","What’s the evidence?","根拠はどこですか？","こんきょはどこですか？","Where’s the evidence?","11_meeting_phrases",""
"11_meeting_phrases","検討します（けんとうします）","We’ll consider<br><b>Example</b>: その案を検討します。 / そのあんをけんとうします。 / We’ll consider that option.","検討します","けんとうします","We’ll consider","検討します。","けんとうします。","We’ll consider it.","検討します。あとでかいとうします。","けんとうします。あとでかいとうします。","We’ll consider it and reply later.","検討しますが、じかんがひつようです。","けんとうしますが、じかんがひつようです。","We’ll consider it, but we need time.","11_meeting_phrases",""
"11_meeting_phrases","持ち帰ります（もちかえります）","I’ll take it back and review<br><b>Example</b>: 一度持ち帰ります。 / いちどもちかえります。 / I’ll take it back and review.","持ち帰ります","もちかえります","I’ll take it back and review","このけんは持ち帰ります。","このけんはもちかえります。","I’ll take this back and review.","このけんは持ち帰ります。","このけんはもちかえります。","I’ll take this back and review.","持ち帰ります。あしたまでにかいとうします。","もちかえります。あしたまでにかいとうします。","I’ll take it back and reply by tomorrow.","11_meeting_phrases",""
"11_meeting_phrases","宿題（しゅくだい）","action item / homework<br><b>Example</b>: 次回までの宿題です。 / じかいまでのしゅくだいです。 / It’s an action item for next time.","宿題","しゅくだい","action item / homework","これは宿題です。","これはしゅくだいです。","This is an action item.","これは宿題です。","これはしゅくだいです。","This is an action item.","宿題をりすとにまとめます。","しゅくだいをりすとにまとめます。","We’ll list the action items.","11_meeting_phrases",""
"11_meeting_phrases","次回までに（じかいまでに）","by next time<br><b>Example</b>: 次回までに共有します。 / じかいまでにきょうゆうします。 / I’ll share by next meeting.","次回までに","じかいまでに","by next time","次回までにおわらせます。","じかいまでにおわらせます。","I’ll finish by next time.","次回までにおわらせます。","じかいまでにおわらせます。","I’ll finish by next time.","次回までにけっかをきょうゆうします。","じかいまでにけっかをきょうゆうします。","I’ll share results by next time.","11_meeting_phrases",""
"11_meeting_phrases","予定通り（よていどおり）","as planned<br><b>Example</b>: 予定通り進めます。 / よていどおりすすめます。 / We’ll proceed as planned.","予定通り","よていどおり","as planned","予定通りすすめます。","よていどおりすすめます。","We’ll proceed as planned.","予定通りすすめます。","よていどおりすすめます。","We’ll proceed as planned.","予定通りでだいじょうぶです。","よていどおりでだいじょうぶです。","As planned is fine.","11_meeting_phrases",""
"11_meeting_phrases","前倒し（まえだおし）","move earlier<br><b>Example</b>: リリースを前倒しします。 / りりーすをまえだおしします。 / Move the release earlier.","前倒し","まえだおし","move earlier","前倒しできそうです。","まえだおしできそうです。","It looks like we can move it earlier.","前倒しでやります。","まえだおしでやります。","We’ll move it earlier.","前倒しできそうです。","まえだおしできそうです。","It looks like we can move it earlier.","11_meeting_phrases",""
"11_meeting_phrases","後ろ倒し（うしろだおし）","delay / push back<br><b>Example</b>: リリースを後ろ倒しします。 / りりーすをうしろだおしします。 / Push the release back.","後ろ倒し","うしろだおし","delay / push back","後ろ倒ししてもいいですか？","うしろだおししてもいいですか？","Is it okay to push it back?","後ろ倒しにします。","うしろだおしにします。","We’ll push it back.","後ろ倒ししてもいいですか？","うしろだおししてもいいですか？","Is it okay to push it back?","11_meeting_phrases",""
"11_meeting_phrases","すり合わせ（すりあわせ）","alignment / adjustment<br><b>Example</b>: 要件をすり合わせます。 / ようけんをすりあわせます。 / Align the requirements.","すり合わせ","すりあわせ","alignment / adjustment","すり合わせをしましょう。","すりあわせをしましょう。","Let’s align and adjust.","すり合わせをしましょう。","すりあわせをしましょう。","Let’s align and adjust.","すり合わせのじかんをとります。","すりあわせのじかんをとります。","We’ll set time to align.","11_meeting_phrases",""
"11_meeting_phrases","調整します（ちょうせいします）","I’ll coordinate / adjust<br><b>Example</b>: 日程を調整します。 / にっていをちょうせいします。 / I’ll coordinate the schedule.","調整します","ちょうせいします","I’ll coordinate / adjust","いま調整します。","いまちょうせいします。","I’ll adjust now.","調整します。すこしまってください。","ちょうせいします。すこしまってください。","I’ll adjust. Please wait.","調整しますが、けっかはあとでです。","ちょうせいしますが、けっかはあとでです。","I’ll adjust, but results come later.","11_meeting_phrases",""
"11_meeting_phrases","まずは（まずは）","first / to begin with<br><b>Example</b>: まずは小さく試します。 / まずはちいさくためします。 / First, we’ll try small.","まずは","まずは","first / to begin with","まずは、ここからです。","まずは、ここからです。","First, we start here.","まずは、かんたんにせつめいします。","まずは、かんたんにせつめいします。","First, I’ll explain briefly.","まずは、ここまでにします。","まずは、ここまでにします。","First, we’ll stop here.","11_meeting_phrases",""
"11_meeting_phrases","もし可能なら（もしかのうなら）","if possible<br><b>Example</b>: もし可能なら今日確認します。 / もしかのうならきょうかくにんします。 / If possible, I’ll check today.","もし可能なら","もしかのうなら","if possible","もし可能なら、きょうちゅうにおねがいします。","もしかのうなら、きょうちゅうにおねがいします。","If possible, today would be great.","もし可能なら、きょうちゅうにおねがいします。","もしかのうなら、きょうちゅうにおねがいします。","If possible, today would be great.","もし可能なら、べつあんもください。","もしかのうなら、べつあんもください。","If possible, share an alternative too.","11_meeting_phrases",""
"11_meeting_phrases","〜で問題ないです（〜でもんだいないです）","it’s fine / no problem<br><b>Example</b>: この設計で問題ないです。 / このせっけいでもんだいないです。 / This design is fine.","〜で問題ないです","〜でもんだいないです","it’s fine / no problem","これでもんだいないです。","これでもんだいないです。","It’s fine.","これで問題ないです。","これでもんだいないです。","It’s fine.","そのほうほうで問題ないです。","そのほうほうでもんだいないです。","That approach is fine.","11_meeting_phrases",""
